date,buyHoldSpy,smaTiming,timeSeriesMomentum,dualMomentum,meanReversion
2011-01-04,1.0,1.0,1.0,1.0,1.0
2011-01-05,1.004697,1.004697,1.000396,1.003676,0.997712
2011-01-06,1.00273,1.00273,0.995073,0.997637,0.998784
2011-01-07,1.000762,1.000762,0.992683,0.995242,1.000214
2011-01-10,0.999503,0.999503,0.994579,0.998424,1.000689
2011-01-11,1.003045,1.003045,0.99855,1.001007,1.003235
2011-01-12,1.012097,1.012097,1.006738,1.006627,1.012289
2011-01-13,1.010444,1.010444,1.005924,1.004104,1.011638
2011-01-14,1.017764,1.017764,1.008833,1.00546,1.011638
2011-01-18,1.019496,1.019496,1.01094,1.010469,1.011397
2011-01-19,1.009499,1.009499,1.003493,0.998111,1.011878
2011-01-20,1.008161,1.008161,0.994478,0.988428,1.010795
2011-01-21,1.010444,1.010444,0.99452,0.986033,1.011036
2011-01-24,1.01619,1.01619,0.998616,0.98844,1.015775
2011-01-25,1.016741,1.016741,0.998845,0.992133,1.016326
2011-01-26,1.020676,1.020676,1.005188,1.000621,1.015068
2011-01-27,1.023195,1.023195,1.00491,0.998632,1.015792
2011-01-28,1.005327,1.005327,0.993583,0.991097,1.016276
2011-01-31,1.012884,1.012884,0.999851,0.996753,1.016156
2011-02-01,1.029099,1.029099,1.01294,1.007618,1.015043
2011-02-02,1.027131,1.027131,1.012012,1.005489,1.014437
2011-02-03,1.029414,1.029414,1.012884,1.008194,1.01347
2011-02-04,1.032326,1.032326,1.010921,1.008213,1.012624
2011-02-07,1.03878,1.03878,1.015147,1.016417,1.01214
2011-02-08,1.043503,1.043503,1.019442,1.022515,1.010809
2011-02-09,1.041142,1.041142,1.017111,1.020653,1.011535
2011-02-10,1.041536,1.041536,1.014282,1.023938,1.011052
2011-02-11,1.047754,1.047754,1.019941,1.032339,1.011052
2011-02-14,1.050273,1.050273,1.021906,1.034983,1.011052
2011-02-15,1.046967,1.046967,1.020129,1.03125,1.011535
2011-02-16,1.053579,1.053579,1.025636,1.037015,1.011415
2011-02-17,1.056727,1.056727,1.028976,1.039677,1.012624
2011-02-18,1.058931,1.058931,1.030457,1.040649,1.012986
2011-02-22,1.037679,1.037679,1.016277,1.01869,1.014076
2011-02-23,1.031303,1.031303,1.015951,1.007179,1.013833
2011-02-24,1.030594,1.030594,1.015574,1.008547,1.012122
2011-02-25,1.041614,1.041614,1.029766,1.027575,1.022945
2011-02-28,1.048068,1.048068,1.035964,1.037166,1.029283
2011-03-01,1.030594,1.030594,1.027729,1.014387,1.02888
2011-03-02,1.032799,1.032799,1.028789,1.014512,1.02839
2011-03-03,1.050587,1.050587,1.038339,1.033762,1.026306
2011-03-04,1.042716,1.042716,1.036935,1.027184,1.028635
2011-03-07,1.03453,1.03453,1.028065,1.014483,1.027899
2011-03-08,1.043582,1.043582,1.032913,1.02612,1.027532
2011-03-09,1.042087,1.042087,1.033263,1.022074,1.025032
2011-03-10,1.022802,1.022802,1.017101,1.002785,1.006063
2011-03-11,1.029886,1.029886,1.020279,1.009133,1.005177
2011-03-14,1.023667,1.023667,1.016871,1.002765,0.998102
2011-03-15,1.011939,1.011939,1.003586,0.993287,0.986667
2011-03-16,0.993206,0.993206,0.992235,0.9771,0.968401
2011-03-17,1.006351,1.006351,1.003994,0.98331,0.981218
2011-03-18,1.010011,1.010011,1.010574,0.990222,0.984787
2011-03-21,1.025664,1.025664,1.023723,1.007813,1.000049
2011-03-22,1.022106,1.022106,1.022957,1.003278,0.998811
2011-03-23,1.025031,1.025031,1.02579,1.002511,0.99893
2011-03-24,1.034834,1.034834,1.03162,1.012171,0.998215
2011-03-25,1.037996,1.037996,1.032817,1.018579,0.997502
2011-03-28,1.035467,1.035467,1.028896,1.015567,0.997025
2011-03-29,1.042423,1.042423,1.033717,1.023405,0.996668
2011-03-30,1.049618,1.049618,1.042187,1.034379,0.997264
2011-03-31,1.048195,1.048195,1.04655,1.038846,0.996668
2011-04-01,1.052622,1.052622,1.051575,1.041083,0.997466
2011-04-04,1.053491,1.053491,1.054344,1.045927,0.997705
2011-04-05,1.053333,1.053333,1.055746,1.053667,0.996633
2011-04-06,1.056654,1.056654,1.057181,1.056285,0.996633
2011-04-07,1.053966,1.053966,1.054202,1.055182,0.997348
2011-04-08,1.050329,1.050329,1.055352,1.06268,0.99699
2011-04-11,1.047167,1.047167,1.049134,1.050454,0.996871
2011-04-12,1.03934,1.03934,1.040488,1.036187,0.988424
2011-04-13,1.039261,1.039261,1.044599,1.040058,0.988348
2011-04-14,1.040052,1.040052,1.049344,1.047223,0.9891
2011-04-15,1.043847,1.043847,1.055466,1.055751,0.992709
2011-04-18,1.032146,1.032146,1.045253,1.049926,0.991952
2011-04-19,1.038075,1.038075,1.050652,1.050124,0.992189
2011-04-20,1.052227,1.052227,1.065922,1.064184,0.992071
2011-04-21,1.057603,1.057603,1.071912,1.069981,0.991834
2011-04-25,1.056495,1.056495,1.071977,1.06882,0.991952
2011-04-26,1.065586,1.065586,1.078574,1.071067,0.992897
2011-04-27,1.072544,1.072544,1.084857,1.082229,0.993252
2011-04-28,1.076022,1.076022,1.087607,1.08276,0.993252
2011-04-29,1.078552,1.078552,1.091379,1.093976,0.993724
2011-05-02,1.076891,1.076891,1.087952,1.081364,0.993559
2011-05-03,1.073018,1.073018,1.079707,1.072881,0.993914
2011-05-04,1.065903,1.065903,1.070377,1.05999,0.994386
2011-05-05,1.056258,1.056258,1.05428,1.0259,0.984394
2011-05-06,1.060923,1.060923,1.056958,1.026162,0.988741
2011-05-09,1.065033,1.065033,1.066752,1.04537,0.992572
2011-05-10,1.074125,1.074125,1.075635,1.055277,1.001044
2011-05-11,1.06282,1.06282,1.060749,1.037052,1.000996
2011-05-12,1.06788,1.06788,1.06339,1.038094,1.00052
2011-05-13,1.059657,1.059657,1.054247,1.032749,1.000996
2011-05-16,1.052938,1.052938,1.048465,1.028141,1.001471
2011-05-17,1.05278,1.05278,1.049963,1.02738,1.00159
2011-05-18,1.062187,1.062187,1.059007,1.039662,1.009538
2011-05-19,1.064717,1.064717,1.059365,1.038534,1.011943
2011-05-20,1.056258,1.056258,1.055273,1.041897,1.011291
2011-05-23,1.044005,1.044005,1.042685,1.033589,1.011411
2011-05-24,1.043135,1.043135,1.046086,1.041045,1.011411
2011-05-25,1.046614,1.046614,1.051476,1.048917,1.013772
2011-05-26,1.051436,1.051436,1.059582,1.054039,1.018443
2011-05-27,1.055468,1.055468,1.06601,1.061548,1.017787
2011-05-31,1.066456,1.066456,1.078009,1.069027,1.017787
2011-06-01,1.042503,1.042503,1.060764,1.05496,1.018463
2011-06-02,1.041395,1.041395,1.060166,1.054999,1.01786
2011-06-03,1.03104,1.03104,1.057153,1.052655,1.018222
2011-06-06,1.02013,1.02013,1.045838,1.037679,1.006429
2011-06-07,1.019497,1.019497,1.050613,1.045389,1.005805
2011-06-08,1.015228,1.015228,1.046724,1.043405,1.001594
2011-06-09,1.022976,1.022976,1.050067,1.043449,1.009237
2011-06-10,1.008746,1.008746,1.035275,1.025485,0.995198
2011-06-13,1.009537,1.009537,1.03302,1.023675,0.995979
2011-06-14,1.022344,1.022344,1.043656,1.038472,1.008613
2011-06-15,1.004161,1.004161,1.028521,1.017475,0.990675
2011-06-16,1.006375,1.006375,1.028175,1.019555,0.989802
2011-06-17,1.009377,1.009377,1.030246,1.021378,0.990037
2011-06-20,1.014542,1.014542,1.033144,1.026783,0.990037
2011-06-21,1.028445,1.028445,1.045292,1.037113,0.990154
2011-06-22,1.022248,1.022248,1.040999,1.034971,0.989919
2011-06-23,1.019308,1.019308,1.035104,1.022006,0.990505
2011-06-24,1.007471,1.007471,1.026441,1.01627,0.991091
2011-06-27,1.016448,1.016448,1.030903,1.020224,0.998932
2011-06-28,1.029716,1.029716,1.041276,1.034352,1.011971
2011-06-29,1.038534,1.038534,1.049662,1.045835,1.020637
2011-06-30,1.048465,1.048465,1.054093,1.045618,1.019496
2011-07-01,1.063958,1.063958,1.0632,1.057503,1.019145
2011-07-05,1.063084,1.063084,1.068401,1.064505,1.020355
2011-07-06,1.064355,1.064355,1.06992,1.066979,1.020719
2011-07-07,1.075398,1.075398,1.082875,1.08471,1.01975
2011-07-08,1.067772,1.067772,1.078207,1.081176,1.021202
2011-07-11,1.048465,1.048465,1.060443,1.064215,1.021928
2011-07-12,1.043937,1.043937,1.05853,1.062622,1.021808
2011-07-13,1.047433,1.047433,1.066524,1.072105,1.024207
2011-07-14,1.040203,1.040203,1.057712,1.060275,1.017138
2011-07-15,1.046241,1.046241,1.065611,1.070499,1.023042
2011-07-18,1.037661,1.037661,1.057655,1.060868,1.014652
2011-07-19,1.054504,1.054504,1.071129,1.079351,1.031122
2011-07-20,1.053868,1.053868,1.074832,1.078396,1.0305
2011-07-21,1.068487,1.068487,1.083212,1.082314,1.044794
2011-07-22,1.069202,1.069202,1.087836,1.089474,1.043873
2011-07-25,1.063243,1.063243,1.083188,1.082694,1.043379
2011-07-26,1.059271,1.059271,1.085002,1.083697,1.043998
2011-07-27,1.037581,1.037581,1.063768,1.061128,1.043379
2011-07-28,1.034562,1.034562,1.062997,1.060007,1.0393
2011-07-29,1.027491,1.027491,1.062149,1.055518,1.032196
2011-08-01,1.023122,1.023122,1.055835,1.051586,1.027807
2011-08-02,0.996984,0.996984,1.041988,1.050815,1.001549
2011-08-03,1.002386,1.002386,1.042298,1.048906,1.006976
2011-08-04,0.955433,0.955433,1.00327,1.017573,0.959808
2011-08-05,0.954003,0.954003,0.996926,1.019207,0.958371
2011-08-08,0.891875,0.891875,0.949341,0.997424,0.895959
2011-08-09,0.933347,0.933347,0.991547,1.019658,0.93762
2011-08-10,0.892113,0.892113,0.96947,1.01924,0.896198
2011-08-11,0.932155,0.932155,0.995654,1.034115,0.936423
2011-08-12,0.938431,0.938431,1.000791,1.035112,0.942728
2011-08-15,0.958293,0.958293,1.01858,1.048121,0.962681
2011-08-16,0.95011,0.95011,1.014889,1.049476,0.961718
2011-08-17,0.950745,0.950745,1.019378,1.051414,0.961946
2011-08-18,0.909751,0.909751,0.988273,1.032233,0.961832
2011-08-19,0.894894,0.894894,0.981443,1.036475,0.945163
2011-08-22,0.895609,0.895609,0.984972,1.04722,0.945918
2011-08-23,0.925084,0.925084,1.003966,1.052118,0.977049
2011-08-24,0.938113,0.938113,1.000404,1.039412,0.99081
2011-08-25,0.923813,0.923813,0.989405,1.036736,0.990404
2011-08-26,0.93724,0.93724,1.006907,1.059544,0.990522
2011-08-29,0.964172,0.964172,1.025214,1.06345,0.990287
2011-08-30,0.966714,0.966714,1.033522,1.08118,0.990522
2011-08-31,0.971005,0.971005,1.037257,1.079592,0.990522
2011-09-01,0.960835,0.960835,1.030566,1.074122,0.990802
2011-09-02,0.936286,0.959421,1.019442,1.074211,0.990334
2011-09-06,0.929453,0.959534,1.013524,1.070795,0.990451
2011-09-07,0.955671,0.959308,1.030039,1.076132,1.017399
2011-09-08,0.94574,0.959648,1.02386,1.080564,1.006827
2011-09-09,0.920953,0.959988,1.002365,1.061396,1.006178
2011-09-12,0.926911,0.959308,1.002496,1.053817,1.005464
2011-09-13,0.935412,0.959421,1.00768,1.05728,1.01368
2011-09-14,0.948362,0.959421,1.014521,1.055253,1.027713
2011-09-15,0.964728,0.959534,1.022622,1.056937,1.026807
2011-09-16,0.970438,0.959761,1.027236,1.062077,1.02705
2011-09-19,0.960775,0.960215,1.013567,1.042885,1.027535
2011-09-20,0.959657,0.959761,1.012635,1.047042,1.02705
2011-09-21,0.931387,0.958741,0.990392,1.019128,1.025958
2011-09-22,0.901281,0.958854,0.963586,0.989968,0.991769
2011-09-23,0.906711,0.958968,0.961569,0.968482,0.997744
2011-09-26,0.928273,0.958628,0.969829,0.9696,1.021471
2011-09-27,0.938654,0.958288,0.9839,0.98453,1.032895
2011-09-28,0.919488,0.957948,0.961949,0.958347,1.031495
2011-09-29,0.926756,0.958175,0.971602,0.970097,1.03174
2011-09-30,0.903597,0.958628,0.950106,0.95108,1.032227
2011-10-03,0.877882,0.958843,0.933271,0.940339,1.03246
2011-10-04,0.897128,0.958276,0.940209,0.924052,1.031849
2011-10-05,0.913739,0.958276,0.948684,0.92606,1.049923
2011-10-06,0.930269,0.958049,0.959935,0.920505,1.068916
2011-10-07,0.92404,0.957709,0.950134,0.913348,1.067468
2011-10-10,0.954945,0.956915,0.974189,0.918632,1.066583
2011-10-11,0.955904,0.957368,0.971729,0.913803,1.067088
2011-10-12,0.964289,0.957368,0.975707,0.910427,1.067088
2011-10-13,0.962372,0.957595,0.97684,0.912283,1.067341
2011-10-14,0.978823,0.958049,0.988855,0.908747,1.067847
2011-10-17,0.960136,0.958163,0.979283,0.914433,1.067974
2011-10-18,0.978903,0.958163,0.989347,0.9094,1.067974
2011-10-19,0.967324,0.958502,0.97702,0.903708,1.068352
2011-10-20,0.971556,0.958616,0.974312,0.894555,1.068479
2011-10-21,0.990003,0.958276,0.985708,0.894783,1.0681
2011-10-24,1.002142,0.958276,0.999634,0.899741,1.0681
2011-10-25,0.982656,0.958843,0.999914,0.923942,1.068732
2011-10-26,0.992639,0.958276,1.00058,0.920922,1.0681
2011-10-27,1.027217,0.957595,1.019817,0.911227,1.067341
2011-10-28,1.026978,0.958049,1.021521,0.916207,1.067847
2011-10-31,1.002222,0.958956,1.014509,0.928215,1.068858
2011-11-01,0.974271,0.959047,1.003637,0.943862,1.068959
2011-11-02,0.990163,0.959275,1.013878,0.945457,1.085326
2011-11-03,1.008211,0.959387,1.027197,0.952621,1.105109
2011-11-04,1.002062,0.959387,1.02354,0.949754,1.098369
2011-11-07,1.008291,0.95916,1.031823,0.961664,1.097011
2011-11-08,1.021228,0.959047,1.037105,0.958596,1.096881
2011-11-09,0.983535,0.959275,1.011152,0.9513,1.097142
2011-11-10,0.992798,0.959387,1.010386,0.944694,1.097271
2011-11-11,1.011485,0.958934,1.026406,0.953896,1.096752
2011-11-14,1.001902,0.959387,1.019436,0.955642,1.097271
2011-11-15,1.006853,0.959275,1.025695,0.959048,1.097142
2011-11-16,0.990882,0.959047,1.016591,0.953273,1.096881
2011-11-17,0.975149,0.95916,1.000203,0.940203,1.097011
2011-11-18,0.974111,0.958821,1.000019,0.938686,1.096623
2011-11-21,0.955584,0.958934,0.983835,0.92687,1.074669
2011-11-22,0.951831,0.959047,0.985976,0.934762,1.070448
2011-11-23,0.930828,0.95916,0.969871,0.929882,1.046827
2011-11-25,0.929071,0.95916,0.96304,0.920308,1.044852
2011-11-28,0.955984,0.959275,0.985789,0.936894,1.075118
2011-11-29,0.958699,0.959387,0.985725,0.932861,1.078171
2011-11-30,0.998149,0.959387,1.013706,0.945554,1.077093
2011-12-01,0.997989,0.959445,1.010777,0.945227,1.077158
2011-12-02,0.997111,0.959218,1.014149,0.949108,1.076902
2011-12-05,1.007971,0.959331,1.017817,0.947275,1.07703
2011-12-06,1.008291,0.959331,1.017508,0.945002,1.076295
2011-12-07,1.012044,0.959671,1.019666,0.948415,1.0756
2011-12-08,0.989844,0.959786,1.003217,0.940664,1.075728
2011-12-09,1.006614,0.959786,1.01335,0.940039,1.075728
2011-12-12,0.99192,0.959786,1.000884,0.931708,1.075728
2011-12-13,0.982656,0.959786,0.992111,0.924401,1.075728
2011-12-14,0.972195,0.959558,0.980121,0.914601,1.075473
2011-12-15,0.975709,0.959445,0.982157,0.911521,1.078285
2011-12-16,0.977155,0.959899,0.991181,0.922413,1.079883
2011-12-19,0.966708,0.959786,0.985414,0.92257,1.068337
2011-12-20,0.995961,0.959558,1.005414,0.928203,1.067015
2011-12-21,0.997889,0.959218,1.003362,0.919829,1.066637
2011-12-22,1.006729,0.959104,1.008567,0.921545,1.06651
2011-12-23,1.01573,0.959331,1.011614,0.921312,1.066763
2011-12-27,1.016534,0.958978,1.013374,0.921166,1.066371
2011-12-28,1.003194,0.959206,1.002776,0.915603,1.066624
2011-12-29,1.013561,0.95932,1.008031,0.916962,1.066751
2011-12-30,1.008578,0.959888,1.007347,0.920429,1.06044
2012-01-03,1.024651,0.95932,1.021845,0.929637,1.077339
2012-01-04,1.026258,0.959866,1.017847,0.920521,1.079029
2012-01-05,1.02899,0.962421,1.023004,0.923674,1.078078
2012-01-06,1.026338,0.95994,1.02338,0.924303,1.07795
2012-01-09,1.02883,0.962271,1.021223,0.923441,1.078206
2012-01-10,1.03775,0.970614,1.029198,0.929008,1.078333
2012-01-11,1.038313,0.97114,1.035199,0.935385,1.078715
2012-01-12,1.040804,0.97347,1.035625,0.933406,1.078588
2012-01-13,1.03542,0.968434,1.034883,0.935585,1.078845
2012-01-17,1.039438,0.972193,1.041844,0.940803,1.078971
2012-01-18,1.05093,0.982941,1.047273,0.942658,1.078845
2012-01-19,1.056475,0.988128,1.04712,0.941214,1.078845
2012-01-20,1.060413,0.991811,1.047621,0.940781,1.078588
2012-01-23,1.057681,0.989255,1.048249,0.939508,1.078715
2012-01-24,1.056475,0.988128,1.048128,0.942111,1.078715
2012-01-25,1.065316,0.996396,1.060416,0.948024,1.079354
2012-01-26,1.05985,0.991285,1.06397,0.952804,1.072738
2012-01-27,1.059369,0.990834,1.06741,0.953761,1.071918
2012-01-30,1.055752,0.987451,1.066596,0.954054,1.071538
2012-01-31,1.05535,0.987076,1.071929,0.95916,1.070059
2012-02-01,1.064592,0.995719,1.075522,0.961458,1.07943
2012-02-02,1.06628,0.997298,1.079109,0.96454,1.081141
2012-02-03,1.081227,1.011279,1.083075,0.9557,1.08006
2012-02-06,1.080504,1.010602,1.082952,0.95699,1.079806
2012-02-07,1.083236,1.013158,1.083703,0.957034,1.079549
2012-02-08,1.086451,1.016164,1.08477,0.955582,1.079549
2012-02-09,1.087818,1.017443,1.082219,0.94997,1.079038
2012-02-10,1.079781,1.009926,1.076878,0.949491,1.079293
2012-02-13,1.087818,1.017443,1.08465,0.953812,1.078654
2012-02-14,1.086451,1.016164,1.082759,0.951507,1.07891
2012-02-15,1.081388,1.011429,1.078835,0.950928,1.079038
2012-02-16,1.093363,1.022629,1.087014,0.951528,1.078654
2012-02-17,1.096256,1.025335,1.0863,0.950474,1.08043
2012-02-21,1.096738,1.025786,1.084819,0.948987,1.079095
2012-02-22,1.093202,1.022478,1.084755,0.953837,1.079606
2012-02-23,1.098024,1.026988,1.091797,0.957955,1.079478
2012-02-24,1.100434,1.029243,1.093063,0.95899,1.079223
2012-02-27,1.102283,1.030972,1.094073,0.960318,1.079478
2012-02-28,1.105498,1.033979,1.096205,0.960731,1.079734
2012-02-29,1.101158,1.02992,1.08039,0.94049,1.079734
2012-03-01,1.106864,1.035257,1.085622,0.943868,1.079542
2012-03-02,1.103489,1.0321,1.083362,0.945755,1.079798
2012-03-05,1.098988,1.02789,1.080607,0.938689,1.079798
2012-03-06,1.082915,1.012857,1.069211,0.933843,1.079798
2012-03-07,1.090469,1.019923,1.074393,0.936116,1.08625
2012-03-08,1.101319,1.03007,1.079504,0.939501,1.097057
2012-03-09,1.105578,1.034054,1.085825,0.943513,1.1013
2012-03-12,1.105659,1.034129,1.085437,0.941128,1.100329
2012-03-13,1.125589,1.05277,1.093101,0.936179,1.099678
2012-03-14,1.124384,1.051643,1.083901,0.924151,1.098112
2012-03-15,1.130893,1.057731,1.088704,0.928418,1.098765
2012-03-16,1.132459,1.059196,1.09032,0.929234,1.099417
2012-03-19,1.136899,1.063348,1.093273,0.928283,1.098633
2012-03-20,1.133589,1.060253,1.09026,0.927278,1.098373
2012-03-21,1.131732,1.058516,1.091834,0.930974,1.099025
2012-03-22,1.12358,1.050891,1.085751,0.930086,1.099155
2012-03-23,1.127212,1.054288,1.09306,0.936639,1.101609
2012-03-26,1.143033,1.069086,1.107029,0.946044,1.117071
2012-03-27,1.139481,1.065764,1.105491,0.94655,1.113599
2012-03-28,1.133831,1.060479,1.100267,0.941512,1.112222
2012-03-29,1.131894,1.058667,1.099926,0.942219,1.112618
2012-03-30,1.136576,1.063046,1.099101,0.93794,1.116107
2012-04-02,1.144889,1.070822,1.107832,0.944493,1.124271
2012-04-03,1.140208,1.066443,1.097825,0.937403,1.122347
2012-04-04,1.128908,1.055874,1.089588,0.934014,1.122614
2012-04-05,1.128342,1.055345,1.09311,0.937023,1.123014
2012-04-09,1.11567,1.043493,1.093255,0.938647,1.109278
2012-04-10,1.096944,1.025978,1.086216,0.93043,1.090659
2012-04-11,1.105822,1.034282,1.089165,0.932188,1.099487
2012-04-12,1.120271,1.047796,1.098804,0.938732,1.113852
2012-04-13,1.106952,1.035339,1.092998,0.937744,1.100611
2012-04-16,1.106226,1.03466,1.092546,0.938061,1.09951
2012-04-17,1.122611,1.049985,1.101676,0.946903,1.09951
2012-04-18,1.118817,1.046437,1.098232,0.944888,1.094695
2012-04-19,1.111634,1.039718,1.094721,0.941638,1.09373
2012-04-20,1.113491,1.041454,1.097343,0.944656,1.09373
2012-04-23,1.104127,1.032697,1.092176,0.940818,1.083439
2012-04-24,1.108325,1.036623,1.093886,0.941628,1.087558
2012-04-25,1.123499,1.050816,1.104531,0.951973,1.102448
2012-04-26,1.131329,1.058139,1.11119,0.956523,1.110131
2012-04-27,1.133186,1.059875,1.115091,0.960904,1.108758
2012-04-30,1.128988,1.055949,1.112844,0.95787,1.10902
2012-05-01,1.136011,1.062518,1.115084,0.960202,1.108994
2012-05-02,1.132621,1.059347,1.115277,0.962882,1.109125
2012-05-03,1.123983,1.051269,1.108131,0.958285,1.108994
2012-05-04,1.105822,1.034282,1.099523,0.950035,1.109388
2012-05-07,1.10663,1.035038,1.100936,0.952614,1.109089
2012-05-08,1.10219,1.030885,1.095746,0.95255,1.10464
2012-05-09,1.095652,1.02477,1.091063,0.950764,1.098087
2012-05-10,1.097912,1.026884,1.09102,0.949432,1.100352
2012-05-11,1.094603,1.023789,1.090894,0.952677,1.097035
2012-05-14,1.082495,1.012464,1.083561,0.950127,1.0849
2012-05-15,1.07628,1.006651,1.079062,0.948699,1.078672
2012-05-16,1.072164,1.002801,1.074611,0.943978,1.074546
2012-05-17,1.056262,0.987928,1.069215,0.933713,1.058609
2012-05-18,1.047222,0.979473,1.064516,0.925973,1.049549
2012-05-21,1.065222,0.996308,1.078454,0.940674,1.067589
2012-05-22,1.067078,0.998045,1.073017,0.937434,1.06945
2012-05-23,1.067643,0.998573,1.074691,0.940652,1.070016
2012-05-24,1.069742,1.000536,1.073549,0.938804,1.068566
2012-05-25,1.066271,0.99729,1.074327,0.938329,1.069072
2012-05-29,1.079186,1.009369,1.079718,0.945788,1.068819
2012-05-30,1.063527,0.994723,1.076383,0.943636,1.069325
2012-05-31,1.061186,0.992534,1.078688,0.948297,1.069705
2012-06-01,1.034468,0.967545,1.075729,0.939661,1.069807
2012-06-04,1.033984,0.967092,1.073839,0.937414,1.068237
2012-06-05,1.041814,0.974415,1.077661,0.940967,1.076325
2012-06-06,1.065222,0.996308,1.088006,0.948834,1.100509
2012-06-07,1.065868,0.996913,1.082298,0.945798,1.099277
2012-06-08,1.074343,1.004839,1.089446,0.953232,1.099277
2012-06-11,1.060702,0.992081,1.079988,0.94218,1.099277
2012-06-12,1.072889,1.00348,1.086694,0.946099,1.098756
2012-06-13,1.066029,0.997064,1.085765,0.945436,1.098627
2012-06-14,1.077329,1.007633,1.092628,0.950793,1.098756
2012-06-15,1.088348,1.017938,1.100264,0.958446,1.099147
2012-06-18,1.090457,1.019911,1.10589,0.965812,1.098886
2012-06-19,1.101004,1.029776,1.107253,0.966251,1.098756
2012-06-20,1.099219,1.028106,1.106381,0.967944,1.098366
2012-06-21,1.074555,1.005038,1.087881,0.956379,1.098496
2012-06-22,1.08283,1.012778,1.089866,0.955533,1.098627
2012-06-25,1.065467,0.996538,1.085835,0.952413,1.079912
2012-06-26,1.070822,1.001546,1.086551,0.954218,1.085339
2012-06-27,1.080477,1.010577,1.091339,0.95792,1.095125
2012-06-28,1.077394,1.007693,1.088666,0.95864,1.092
2012-06-29,1.10425,1.032812,1.109653,0.972717,1.090908
2012-07-02,1.107577,1.035923,1.115567,0.98059,1.091244
2012-07-03,1.114879,1.042753,1.121921,0.982748,1.090986
2012-07-05,1.109848,1.038047,1.118274,0.982605,1.091374
2012-07-06,1.099301,1.028183,1.113148,0.982356,1.091762
2012-07-09,1.097921,1.026893,1.115128,0.984975,1.091762
2012-07-10,1.088348,1.017938,1.106317,0.978897,1.08115
2012-07-11,1.08851,1.01809,1.106861,0.977849,1.081311
2012-07-12,1.083236,1.013157,1.105378,0.978096,1.076072
2012-07-13,1.10141,1.030156,1.116833,0.986207,1.094126
2012-07-16,1.098814,1.027727,1.117246,0.987441,1.091547
2012-07-17,1.106359,1.034785,1.119258,0.989723,1.090327
2012-07-18,1.114554,1.042449,1.122128,0.992413,1.090585
2012-07-19,1.117475,1.045181,1.122759,0.991763,1.090843
2012-07-20,1.107252,1.035619,1.119723,0.989692,1.090973
2012-07-23,1.096055,1.025147,1.113436,0.985141,1.0911
2012-07-24,1.086643,1.016344,1.111489,0.984038,1.090843
2012-07-25,1.086887,1.016572,1.11364,0.982545,1.089996
2012-07-26,1.104818,1.033343,1.121783,0.986801,1.107978
2012-07-27,1.125183,1.05239,1.130244,0.991528,1.128402
2012-07-30,1.125183,1.05239,1.132654,0.995282,1.127807
2012-07-31,1.117313,1.04503,1.129764,0.99535,1.128076
2012-08-01,1.116339,1.044119,1.124742,0.991128,1.127888
2012-08-02,1.108631,1.036909,1.123264,0.99277,1.118972
2012-08-03,1.130619,1.057475,1.13546,0.996284,1.141165
2012-08-06,1.132809,1.059523,1.139245,0.998599,1.143376
2012-08-07,1.138489,1.064836,1.138739,0.993165,1.141691
2012-08-08,1.139868,1.066126,1.135811,0.989005,1.141286
2012-08-09,1.140842,1.067036,1.13688,0.988706,1.141286
2012-08-10,1.142708,1.068782,1.138052,0.991015,1.141556
2012-08-13,1.14214,1.06825,1.13756,0.991002,1.141691
2012-08-14,1.142303,1.068402,1.133585,0.985971,1.141421
2012-08-15,1.143601,1.069617,1.134263,0.98369,1.141015
2012-08-16,1.152039,1.077509,1.1408,0.987289,1.140881
2012-08-17,1.15358,1.07895,1.144895,0.990444,1.141015
2012-08-20,1.153662,1.079027,1.144557,0.990661,1.141015
2012-08-21,1.150173,1.075763,1.14432,0.99152,1.141015
2012-08-22,1.150659,1.076219,1.147901,0.998133,1.141691
2012-08-23,1.141248,1.067416,1.142797,0.995797,1.131211
2012-08-24,1.148144,1.073866,1.146759,0.998637,1.138047
2012-08-27,1.148387,1.074093,1.149893,1.002126,1.138288
2012-08-28,1.147251,1.073031,1.152061,1.00408,1.137162
2012-08-29,1.148144,1.073866,1.151873,1.002517,1.136025
2012-08-30,1.139868,1.066126,1.146278,1.000128,1.13616
2012-08-31,1.145304,1.07121,1.153796,1.008108,1.136832
2012-09-04,1.14425,1.070224,1.157556,1.009792,1.134648
2012-09-05,1.143276,1.069313,1.155268,1.007258,1.133683
2012-09-06,1.166481,1.091016,1.170282,1.012124,1.132012
2012-09-07,1.171024,1.095266,1.174409,1.010368,1.135289
2012-09-10,1.164371,1.089043,1.167304,1.00423,1.133885
2012-09-11,1.167617,1.092079,1.169519,1.002589,1.134153
2012-09-12,1.171511,1.095721,1.170987,1.000094,1.134019
2012-09-13,1.189361,1.112416,1.183775,1.007396,1.134422
2012-09-14,1.194635,1.117349,1.186056,1.003331,1.133885
2012-09-17,1.190578,1.113554,1.185312,1.006516,1.133885
2012-09-18,1.189604,1.112644,1.182966,1.005303,1.134019
2012-09-19,1.190253,1.113251,1.184114,1.006248,1.134019
2012-09-20,1.190334,1.113327,1.179362,1.001778,1.132962
2012-09-21,1.189837,1.112862,1.180416,1.002309,1.132488
2012-09-24,1.188043,1.111183,1.178449,1.001727,1.131489
2012-09-25,1.175399,1.099358,1.168447,0.995409,1.131222
2012-09-26,1.168792,1.093178,1.164647,0.996222,1.123732
2012-09-27,1.179804,1.103478,1.173035,0.999871,1.134319
2012-09-28,1.174339,1.098366,1.165063,0.996799,1.129065
2012-10-01,1.177438,1.101265,1.166805,0.995093,1.132045
2012-10-02,1.178662,1.102409,1.167861,0.998884,1.133221
2012-10-03,1.183474,1.106911,1.165759,1.000731,1.137848
2012-10-04,1.191958,1.114845,1.172998,1.00406,1.13671
2012-10-05,1.192039,1.114921,1.169373,1.002289,1.136173
2012-10-08,1.187961,1.111107,1.16503,0.996414,1.136307
2012-10-09,1.176215,1.100121,1.156774,0.985997,1.136307
2012-10-10,1.16871,1.093102,1.155045,0.985137,1.127921
2012-10-11,1.169363,1.093713,1.159825,0.985049,1.128551
2012-10-12,1.165529,1.090127,1.15489,0.981082,1.124851
2012-10-15,1.175236,1.099205,1.158389,0.987807,1.134218
2012-10-16,1.187145,1.110344,1.16585,0.996914,1.145712
2012-10-17,1.192529,1.115379,1.16834,0.998801,1.143888
2012-10-18,1.189429,1.11248,1.164836,0.996525,1.144024
2012-10-19,1.169608,1.093941,1.15055,0.979093,1.144024
2012-10-22,1.169771,1.094094,1.151738,0.979059,1.143617
2012-10-23,1.153539,1.078912,1.140059,0.971006,1.126604
2012-10-24,1.150276,1.07586,1.136956,0.968743,1.123417
2012-10-25,1.15362,1.078988,1.140192,0.969154,1.126683
2012-10-26,1.152968,1.078378,1.139689,0.965738,1.126046
2012-10-31,1.152968,1.078378,1.141969,0.968842,1.126046
2012-11-01,1.16504,1.089669,1.149214,0.978374,1.124654
2012-11-02,1.154681,1.07998,1.141369,0.976749,1.113529
2012-11-05,1.157047,1.082193,1.143636,0.977104,1.112415
2012-11-06,1.166101,1.090661,1.14774,0.97799,1.11202
2012-11-07,1.139672,1.065943,1.133999,0.975062,1.112942
2012-11-08,1.125969,1.053125,1.124944,0.972107,1.112942
2012-11-09,1.126948,1.054041,1.126092,0.971887,1.112942
2012-11-12,1.127845,1.05488,1.125397,0.971923,1.112716
2012-11-13,1.12393,1.051218,1.121931,0.971622,1.108853
2012-11-14,1.108758,1.037028,1.108457,0.961491,1.108005
2012-11-15,1.106882,1.035273,1.105945,0.958826,1.108005
2012-11-16,1.112347,1.040385,1.110055,0.962083,1.112368
2012-11-19,1.13486,1.061441,1.127366,0.970727,1.134881
2012-11-20,1.135349,1.061899,1.127634,0.970028,1.133477
2012-11-21,1.13747,1.063883,1.129251,0.969891,1.133343
2012-11-23,1.152968,1.078378,1.141801,0.976374,1.133343
2012-11-26,1.150521,1.076089,1.143669,0.97789,1.133209
2012-11-27,1.144648,1.070596,1.14055,0.975677,1.133343
2012-11-28,1.153865,1.079217,1.14618,0.977421,1.133477
2012-11-29,1.159248,1.084252,1.15312,0.980783,1.137631
2012-11-30,1.159493,1.084481,1.152578,0.980627,1.137872
2012-12-03,1.153783,1.07914,1.152241,0.980642,1.136867
2012-12-04,1.152152,1.077615,1.152394,0.980161,1.136867
2012-12-05,1.154191,1.079522,1.151957,0.976093,1.137742
2012-12-06,1.158107,1.083184,1.155342,0.982336,1.141602
2012-12-07,1.161615,1.086465,1.154558,0.982582,1.14506
2012-12-10,1.162103,1.086922,1.156897,0.983527,1.143915
2012-12-11,1.170016,1.094323,1.161859,0.990844,1.143915
2012-12-12,1.170587,1.094857,1.160308,0.989394,1.143779
2012-12-13,1.163409,1.088144,1.153952,0.982236,1.143779
2012-12-14,1.159086,1.0841,1.155065,0.97786,1.144051
2012-12-17,1.172708,1.09684,1.160167,0.987739,1.156352
2012-12-18,1.185758,1.109047,1.168882,0.99982,1.16922
2012-12-19,1.176949,1.100807,1.168752,0.995435,1.168328
2012-12-20,1.183719,1.10714,1.173432,1.001695,1.168189
2012-12-21,1.172974,1.09709,1.168464,0.9946,1.168328
2012-12-24,1.16936,1.09371,1.165774,0.993358,1.168328
2012-12-26,1.164431,1.0891,1.164576,0.987497,1.168342
2012-12-27,1.162871,1.08764,1.166565,0.987755,1.165608
2012-12-28,1.150302,1.075884,1.160995,0.978866,1.153009
2012-12-31,1.169853,1.094171,1.173861,0.994777,1.172607
2013-01-02,1.199837,1.122215,1.192146,1.017947,1.202661
2013-01-03,1.197126,1.119679,1.18399,1.009809,1.199943
2013-01-04,1.202383,1.124596,1.185972,1.011083,1.198887
2013-01-07,1.199097,1.121523,1.183345,1.007171,1.198887
2013-01-08,1.195647,1.118296,1.182583,1.001631,1.199027
2013-01-09,1.198687,1.121139,1.185285,1.006021,1.199455
2013-01-10,1.208216,1.130051,1.191731,1.015253,1.207791
2013-01-11,1.208133,1.129974,1.190691,1.01369,1.207708
2013-01-14,1.207312,1.129206,1.192079,1.014034,1.2065
2013-01-15,1.208133,1.129974,1.192826,1.010407,1.206644
2013-01-16,1.207969,1.129821,1.192531,1.009844,1.205274
2013-01-17,1.215773,1.13712,1.197306,1.016088,1.21306
2013-01-18,1.218484,1.139656,1.200089,1.015741,1.211847
2013-01-22,1.225055,1.145802,1.203647,1.015941,1.212135
2013-01-23,1.227027,1.147646,1.203036,1.015841,1.212135
2013-01-24,1.227356,1.147953,1.200076,1.011595,1.212135
2013-01-25,1.234256,1.154407,1.201473,1.015811,1.211561
2013-01-28,1.232777,1.153024,1.199624,1.012529,1.21113
2013-01-29,1.237624,1.157557,1.203631,1.018649,1.211273
2013-01-30,1.232777,1.153024,1.201742,1.016677,1.211703
2013-01-31,1.229738,1.150181,1.200798,1.01535,1.211847
2013-02-01,1.242389,1.162014,1.206634,1.024265,1.211718
2013-02-04,1.228423,1.148952,1.196693,1.009482,1.196886
2013-02-05,1.240828,1.160554,1.20151,1.017451,1.195689
2013-02-06,1.241731,1.161399,1.203115,1.019071,1.195973
2013-02-07,1.240089,1.159862,1.198435,1.014714,1.195973
2013-02-08,1.246989,1.166316,1.206461,1.021149,1.196114
2013-02-11,1.246742,1.166085,1.205661,1.020358,1.195689
2013-02-12,1.248796,1.168007,1.20814,1.024105,1.195405
2013-02-13,1.249864,1.169005,1.209288,1.026634,1.195265
2013-02-14,1.251014,1.170081,1.2094,1.02595,1.195405
2013-02-15,1.249535,1.168698,1.20688,1.024782,1.195547
2013-02-19,1.2589,1.177457,1.212386,1.034392,1.195405
2013-02-20,1.24321,1.162781,1.200284,1.020304,1.195405
2013-02-21,1.235652,1.155713,1.190027,1.009829,1.195831
2013-02-22,1.247728,1.167007,1.199157,1.022006,1.195831
2013-02-25,1.223988,1.144803,1.184939,0.999848,1.171882
2013-02-26,1.232366,1.15264,1.189014,1.006125,1.179904
2013-02-27,1.247893,1.167162,1.197203,1.018132,1.194769
2013-02-28,1.245427,1.164856,1.195502,1.017751,1.192409
2013-03-01,1.249535,1.168698,1.197598,1.019708,1.19147
2013-03-04,1.256189,1.174921,1.199066,1.024625,1.191329
2013-03-05,1.267443,1.185447,1.20976,1.034348,1.191189
2013-03-06,1.269168,1.187061,1.209209,1.034686,1.191048
2013-03-07,1.271468,1.189212,1.209628,1.035331,1.190766
2013-03-08,1.27689,1.194283,1.21254,1.040591,1.190906
2013-03-11,1.281737,1.198816,1.213544,1.042094,1.190766
2013-03-12,1.278862,1.196127,1.209936,1.039321,1.191048
2013-03-13,1.280669,1.197817,1.208699,1.041455,1.190766
2013-03-14,1.287487,1.204194,1.214907,1.048967,1.190766
2013-03-15,1.285787,1.202605,1.214092,1.049117,1.191189
2013-03-18,1.278691,1.195967,1.208303,1.043332,1.19147
2013-03-19,1.275721,1.193189,1.205423,1.039359,1.191329
2013-03-20,1.284632,1.201524,1.210091,1.046085,1.19846
2013-03-21,1.273658,1.19126,1.202953,1.039003,1.188222
2013-03-22,1.28389,1.20083,1.209718,1.044677,1.186753
2013-03-25,1.278526,1.195813,1.206009,1.043473,1.186753
2013-03-26,1.288757,1.205383,1.214115,1.050367,1.186894
2013-03-27,1.288757,1.205383,1.216052,1.051239,1.187174
2013-03-28,1.292718,1.209087,1.218144,1.053958,1.187315
2013-04-01,1.287603,1.204303,1.211555,1.048889,1.187428
2013-04-02,1.293956,1.210245,1.214674,1.049525,1.187428
2013-04-03,1.280837,1.197974,1.207712,1.039266,1.187287
2013-04-04,1.286035,1.202836,1.217775,1.049271,1.187709
2013-04-05,1.280259,1.197434,1.219046,1.048913,1.187709
2013-04-08,1.288923,1.205538,1.224053,1.056983,1.187428
2013-04-09,1.293379,1.209705,1.22579,1.057221,1.187428
2013-04-10,1.309221,1.224522,1.23747,1.070096,1.187428
2013-04-11,1.313512,1.228536,1.241562,1.073852,1.187428
2013-04-12,1.310294,1.225525,1.243147,1.072403,1.187568
2013-04-15,1.279928,1.197125,1.219877,1.043242,1.187709
2013-04-16,1.298824,1.214798,1.233682,1.060162,1.187709
2013-04-17,1.279846,1.197048,1.217993,1.045122,1.169168
2013-04-18,1.271843,1.189562,1.212363,1.040484,1.161856
2013-04-19,1.282899,1.199903,1.223517,1.052831,1.171956
2013-04-22,1.288593,1.205229,1.227839,1.05492,1.177157
2013-04-23,1.301877,1.217653,1.238474,1.066074,1.189293
2013-04-24,1.302703,1.218426,1.24234,1.068914,1.188244
2013-04-25,1.307983,1.223364,1.245145,1.071501,1.188104
2013-04-26,1.305673,1.221204,1.244411,1.067801,1.188385
2013-04-29,1.314419,1.229384,1.252868,1.075791,1.188665
2013-04-30,1.317555,1.232317,1.258896,1.082871,1.188525
2013-05-01,1.306003,1.221512,1.250223,1.068083,1.188764
2013-05-02,1.318133,1.232857,1.259712,1.076822,1.188624
2013-05-03,1.3315,1.24536,1.266791,1.088541,1.188201
2013-05-06,1.334882,1.248523,1.269623,1.092288,1.188201
2013-05-07,1.341648,1.254851,1.273804,1.097865,1.188201
2013-05-08,1.347754,1.260562,1.279754,1.102983,1.188343
2013-05-09,1.343958,1.257012,1.273607,1.095769,1.188201
2013-05-10,1.348332,1.261103,1.274195,1.1003,1.188061
2013-05-13,1.349404,1.262106,1.27214,1.101595,1.18778
2013-05-14,1.363349,1.275148,1.277173,1.108348,1.18778
2013-05-15,1.370693,1.282017,1.282755,1.11435,1.187921
2013-05-16,1.364256,1.275997,1.280305,1.108954,1.188201
2013-05-17,1.377458,1.288345,1.28666,1.117705,1.187921
2013-05-20,1.377376,1.288268,1.288366,1.12124,1.188061
2013-05-21,1.379356,1.29012,1.291354,1.124198,1.188061
2013-05-22,1.369124,1.28055,1.274554,1.105837,1.187639
2013-05-23,1.365164,1.276846,1.267316,1.094101,1.187921
2013-05-24,1.364009,1.275766,1.263668,1.089924,1.187639
2013-05-28,1.372178,1.283407,1.2636,1.092468,1.193564
2013-05-29,1.363266,1.275071,1.254075,1.077875,1.185812
2013-05-30,1.3683,1.279779,1.255477,1.078328,1.184908
2013-05-31,1.348661,1.261411,1.239535,1.062574,1.184768
2013-06-03,1.356088,1.268357,1.247747,1.0693,1.185147
2013-06-04,1.349569,1.26226,1.23861,1.06474,1.185147
2013-06-05,1.330674,1.244587,1.220382,1.047312,1.185287
2013-06-06,1.342721,1.255855,1.231475,1.056112,1.185147
2013-06-07,1.359801,1.27183,1.240207,1.068033,1.199037
2013-06-10,1.359801,1.27183,1.237183,1.070562,1.199037
2013-06-11,1.345773,1.25871,1.221283,1.058641,1.197695
2013-06-12,1.334635,1.248292,1.210822,1.051804,1.197553
2013-06-13,1.354933,1.267277,1.232621,1.06869,1.214568
2013-06-14,1.346434,1.259328,1.223673,1.059817,1.20695
2013-06-17,1.35683,1.269051,1.23394,1.069939,1.216269
2013-06-18,1.367556,1.279084,1.243074,1.079494,1.215053
2013-06-19,1.348661,1.261411,1.218744,1.063396,1.213614
2013-06-20,1.315244,1.230156,1.178511,1.032228,1.21347
2013-06-21,1.319467,1.234105,1.184802,1.035472,1.212463
2013-06-24,1.302793,1.21851,1.169744,1.021158,1.195929
2013-06-25,1.315319,1.230226,1.184827,1.032058,1.207428
2013-06-26,1.328342,1.242406,1.196368,1.038453,1.219382
2013-06-27,1.336139,1.249699,1.211483,1.049337,1.22654
2013-06-28,1.330665,1.244579,1.209298,1.045226,1.225168
2013-07-01,1.338462,1.251871,1.217094,1.056226,1.225705
2013-07-02,1.337217,1.250707,1.216079,1.053882,1.225851
2013-07-03,1.337798,1.251251,1.216094,1.054873,1.225705
2013-07-05,1.352231,1.26475,1.220222,1.065289,1.224397
2013-07-08,1.359946,1.271966,1.224466,1.07095,1.22527
2013-07-09,1.369733,1.28112,1.235242,1.0788,1.225124
2013-07-10,1.370231,1.281585,1.236267,1.080972,1.225124
2013-07-11,1.388894,1.299041,1.262645,1.099445,1.226142
2013-07-12,1.389475,1.299584,1.260344,1.097915,1.225415
2013-07-15,1.394784,1.30455,1.266258,1.104785,1.225996
2013-07-16,1.389558,1.299662,1.265382,1.101311,1.226142
2013-07-17,1.393125,1.302998,1.269711,1.104777,1.226578
2013-07-18,1.400756,1.310136,1.272828,1.111693,1.226433
2013-07-19,1.403244,1.312463,1.270904,1.112615,1.227014
2013-07-22,1.405982,1.315023,1.275411,1.116199,1.227014
2013-07-23,1.402996,1.312231,1.276003,1.115953,1.22687
2013-07-24,1.397853,1.30742,1.267298,1.111004,1.226288
2013-07-25,1.401254,1.310601,1.272018,1.116029,1.227014
2013-07-26,1.402747,1.311997,1.269948,1.11262,1.227094
2013-07-29,1.398433,1.307963,1.262353,1.105342,1.223321
2013-07-30,1.398433,1.307963,1.261862,1.105601,1.222242
2013-07-31,1.399429,1.308895,1.26032,1.107362,1.222242
2013-08-01,1.415604,1.324023,1.272118,1.121664,1.235147
2013-08-02,1.418009,1.326273,1.274306,1.125676,1.23479
2013-08-05,1.415936,1.324333,1.272921,1.125621,1.234644
2013-08-06,1.407889,1.316807,1.264577,1.119171,1.234498
2013-08-07,1.403327,1.31254,1.258263,1.11368,1.23479
2013-08-08,1.40847,1.317351,1.266948,1.119917,1.238081
2013-08-09,1.404406,1.31355,1.267925,1.119111,1.234508
2013-08-12,1.402747,1.311997,1.269192,1.119616,1.233049
2013-08-13,1.406894,1.315877,1.270464,1.122641,1.236695
2013-08-14,1.399678,1.309127,1.267725,1.119434,1.230352
2013-08-15,1.380102,1.290818,1.249214,1.104168,1.228683
2013-08-16,1.37554,1.286551,1.24104,1.102059,1.228829
2013-08-19,1.366747,1.278327,1.229164,1.093369,1.219746
2013-08-20,1.373466,1.284611,1.238025,1.099936,1.225742
2013-08-21,1.365005,1.276697,1.227062,1.091135,1.218191
2013-08-22,1.377447,1.288335,1.240361,1.103125,1.229295
2013-08-23,1.382092,1.292679,1.249352,1.108487,1.233441
2013-08-26,1.376951,1.28787,1.244321,1.104448,1.228852
2013-08-27,1.354802,1.267155,1.222563,1.083627,1.228206
2013-08-28,1.359614,1.271655,1.223429,1.085206,1.227477
2013-08-29,1.36177,1.273672,1.228834,1.088796,1.228196
2013-08-30,1.357457,1.269637,1.220983,1.077504,1.224306
2013-09-03,1.363595,1.275379,1.227879,1.088481,1.222618
2013-09-04,1.374876,1.28593,1.238801,1.097927,1.221457
2013-09-05,1.376618,1.287559,1.237108,1.098664,1.220296
2013-09-06,1.377281,1.28818,1.243377,1.101832,1.221457
2013-09-09,1.390471,1.300515,1.26103,1.115956,1.221747
2013-09-10,1.400756,1.310136,1.26926,1.12656,1.221311
2013-09-11,1.405152,1.314247,1.272618,1.129236,1.221893
2013-09-12,1.40142,1.310756,1.266812,1.123321,1.221893
2013-09-13,1.404572,1.313704,1.270873,1.128008,1.221893
2013-09-16,1.412701,1.321307,1.276727,1.133941,1.222763
2013-09-17,1.419005,1.327204,1.282109,1.139609,1.223199
2013-09-18,1.435428,1.342565,1.30612,1.157755,1.224794
2013-09-19,1.433023,1.340315,1.304569,1.154872,1.22436
2013-09-20,1.423004,1.330944,1.294744,1.147983,1.224504
2013-09-23,1.416419,1.324785,1.291192,1.146129,1.224794
2013-09-24,1.413085,1.321667,1.289074,1.145904,1.220686
2013-09-25,1.409,1.317847,1.288097,1.1445,1.217158
2013-09-26,1.414419,1.322915,1.295182,1.149685,1.221839
2013-09-27,1.407917,1.316833,1.290498,1.144839,1.216222
2013-09-30,1.400416,1.309817,1.283987,1.140181,1.209742
2013-10-01,1.411502,1.320186,1.296707,1.149636,1.219319
2013-10-02,1.410167,1.318938,1.29641,1.147591,1.218166
2013-10-03,1.397165,1.306776,1.283676,1.13764,1.206933
2013-10-04,1.407751,1.316678,1.291436,1.143939,1.205298
2013-10-07,1.395581,1.305295,1.282187,1.132247,1.193673
2013-10-08,1.379327,1.290093,1.266089,1.118823,1.17977
2013-10-09,1.380327,1.291028,1.267258,1.119194,1.180626
2013-10-10,1.410084,1.31886,1.295523,1.142931,1.206078
2013-10-11,1.41917,1.327358,1.306011,1.152934,1.213849
2013-10-14,1.424838,1.33266,1.311652,1.157708,1.212203
2013-10-15,1.414502,1.322992,1.303091,1.149279,1.212634
2013-10-16,1.434257,1.341469,1.318709,1.162241,1.213065
2013-10-17,1.443842,1.350434,1.330974,1.173362,1.213497
2013-10-18,1.453595,1.359556,1.339901,1.182793,1.213497
2013-10-21,1.453678,1.359634,1.338594,1.182629,1.213497
2013-10-22,1.462096,1.367508,1.347245,1.189878,1.214502
2013-10-23,1.455095,1.360959,1.337045,1.182797,1.214071
2013-10-24,1.459929,1.365481,1.34097,1.188954,1.213927
2013-10-25,1.466597,1.371717,1.346946,1.189991,1.214215
2013-10-28,1.468932,1.373901,1.346586,1.189787,1.214502
2013-10-29,1.476767,1.381229,1.348709,1.193883,1.214502
2013-10-30,1.469432,1.374369,1.340354,1.185037,1.214502
2013-10-31,1.465264,1.37047,1.333051,1.179409,1.214646
2013-11-01,1.468765,1.373745,1.332862,1.176746,1.2142
2013-11-04,1.473933,1.378579,1.339379,1.182813,1.217259
2013-11-05,1.469266,1.374213,1.328065,1.180629,1.213404
2013-11-06,1.476767,1.381229,1.330488,1.180856,1.212478
2013-11-07,1.458096,1.363766,1.309509,1.161844,1.212765
2013-11-08,1.477768,1.382165,1.31723,1.179339,1.211903
2013-11-11,1.478017,1.382398,1.316804,1.179327,1.212191
2013-11-12,1.475017,1.379592,1.313981,1.179472,1.211903
2013-11-13,1.486853,1.390662,1.322993,1.191161,1.211903
2013-11-14,1.494271,1.397601,1.33069,1.193983,1.216738
2013-11-15,1.500773,1.403682,1.339762,1.197988,1.215522
2013-11-18,1.495521,1.39877,1.335848,1.18988,1.216097
2013-11-19,1.49227,1.395729,1.329857,1.185423,1.215665
2013-11-20,1.487603,1.391364,1.321276,1.183089,1.21581
2013-11-21,1.499606,1.40259,1.33213,1.197383,1.224403
2013-11-22,1.507107,1.409607,1.336898,1.203502,1.230528
2013-11-25,1.505607,1.408204,1.332906,1.204559,1.229298
2013-11-26,1.506024,1.408593,1.335747,1.209745,1.229443
2013-11-27,1.509691,1.412023,1.34297,1.21579,1.229443
2013-11-29,1.508691,1.411088,1.34495,1.218161,1.229588
2013-12-02,1.504774,1.407424,1.333794,1.211844,1.228847
2013-12-03,1.498272,1.401343,1.328833,1.207827,1.229138
2013-12-04,1.498105,1.401187,1.327784,1.207079,1.227772
2013-12-05,1.49152,1.395028,1.324918,1.205082,1.222376
2013-12-06,1.508191,1.41062,1.33993,1.215619,1.236038
2013-12-09,1.512025,1.414207,1.342511,1.218191,1.239181
2013-12-10,1.506607,1.409139,1.33868,1.21277,1.238382
2013-12-11,1.489686,1.393312,1.317482,1.196391,1.237942
2013-12-12,1.484768,1.388713,1.312566,1.194917,1.237502
2013-12-13,1.484602,1.388557,1.31392,1.195663,1.236126
2013-12-16,1.493854,1.397211,1.322865,1.205092,1.243829
2013-12-17,1.489103,1.392767,1.31955,1.202438,1.239873
2013-12-18,1.514526,1.416545,1.340619,1.219448,1.238633
2013-12-19,1.512776,1.414908,1.330885,1.214821,1.2379
2013-12-20,1.521575,1.423138,1.340478,1.228131,1.237461
2013-12-23,1.529704,1.430741,1.350955,1.239267,1.237314
2013-12-24,1.533056,1.433876,1.354387,1.241945,1.236875
2013-12-26,1.54085,1.441166,1.355784,1.245458,1.236742
2013-12-27,1.540767,1.441089,1.360218,1.244143,1.237328
2013-12-30,1.540516,1.440854,1.361717,1.243207,1.237622
2013-12-31,1.547806,1.447673,1.36618,1.248843,1.237328
2014-01-02,1.532972,1.433798,1.346971,1.237078,1.224232
2014-01-03,1.532722,1.433564,1.347916,1.236129,1.222574
2014-01-06,1.52828,1.429409,1.344996,1.230072,1.222718
2014-01-07,1.537665,1.438188,1.354093,1.239814,1.229005
2014-01-08,1.538,1.438501,1.353693,1.241346,1.229273
2014-01-09,1.539007,1.439442,1.352837,1.240351,1.230077
2014-01-10,1.543197,1.443362,1.362113,1.245074,1.230013
2014-01-13,1.522665,1.424158,1.346559,1.227743,1.230305
2014-01-14,1.539258,1.439677,1.362061,1.245034,1.230013
2014-01-15,1.547555,1.447438,1.371,1.253775,1.229577
2014-01-16,1.545543,1.445556,1.371376,1.253782,1.229868
2014-01-17,1.539007,1.439442,1.365277,1.248178,1.229868
2014-01-21,1.543532,1.443675,1.373562,1.255049,1.229722
2014-01-22,1.544538,1.444616,1.377034,1.258525,1.229294
2014-01-23,1.531883,1.43278,1.369489,1.250843,1.219222
2014-01-24,1.499199,1.40221,1.340327,1.223111,1.218436
2014-01-27,1.491824,1.395312,1.329188,1.211191,1.211224
2014-01-28,1.500708,1.403621,1.337951,1.217622,1.218437
2014-01-29,1.486293,1.390139,1.324199,1.203518,1.206733
2014-01-30,1.502048,1.404875,1.341224,1.221168,1.219525
2014-01-31,1.493249,1.396644,1.333827,1.214675,1.21238
2014-02-03,1.459643,1.365213,1.303661,1.183599,1.185096
2014-02-04,1.469867,1.374775,1.315534,1.192242,1.193397
2014-02-05,1.468024,1.373052,1.312545,1.187737,1.191901
2014-02-06,1.487382,1.391157,1.328009,1.20114,1.207617
2014-02-07,1.50582,1.408402,1.344528,1.217779,1.206695
2014-02-10,1.508585,1.410989,1.348892,1.221913,1.20641
2014-02-11,1.525095,1.426431,1.362666,1.23464,1.206125
2014-02-12,1.52585,1.427137,1.365007,1.237248,1.205553
2014-02-13,1.533727,1.434504,1.37377,1.247681,1.206267
2014-02-14,1.542191,1.442421,1.378334,1.251395,1.206267
2014-02-18,1.544035,1.444145,1.386604,1.25829,1.206695
2014-02-19,1.533811,1.434582,1.378003,1.248337,1.206267
2014-02-20,1.542861,1.443048,1.384251,1.257229,1.20641
2014-02-21,1.541102,1.441402,1.385646,1.257501,1.206552
2014-02-24,1.54965,1.449397,1.393775,1.265144,1.206552
2014-02-25,1.549063,1.448848,1.393905,1.264952,1.20641
2014-02-26,1.549146,1.448926,1.395079,1.267204,1.206981
2014-02-27,1.557276,1.45653,1.400076,1.274465,1.206838
2014-02-28,1.561215,1.460214,1.402455,1.273377,1.206838
2014-03-03,1.550236,1.449945,1.391116,1.264969,1.207524
2014-03-04,1.572026,1.470325,1.415088,1.286862,1.206524
2014-03-05,1.573451,1.471658,1.415351,1.288181,1.206953
2014-03-06,1.577055,1.475029,1.416278,1.288715,1.206238
2014-03-07,1.577725,1.475655,1.410294,1.28663,1.205383
2014-03-10,1.576887,1.474872,1.406216,1.285348,1.205524
2014-03-11,1.569093,1.467582,1.400412,1.276933,1.205524
2014-03-12,1.569512,1.467974,1.402183,1.279948,1.205953
2014-03-13,1.551913,1.451513,1.38529,1.264198,1.191224
2014-03-14,1.547555,1.447438,1.383894,1.2619,1.18788
2014-03-17,1.561551,1.460528,1.394131,1.271265,1.198622
2014-03-18,1.572697,1.470953,1.406113,1.28558,1.207178
2014-03-19,1.564316,1.463114,1.392507,1.278186,1.203971
2014-03-20,1.573451,1.471658,1.394699,1.28243,1.204115
2014-03-21,1.567348,1.46595,1.390983,1.273655,1.204257
2014-03-24,1.560867,1.459888,1.383132,1.263346,1.203686
2014-03-25,1.568274,1.466816,1.39082,1.266628,1.203828
2014-03-26,1.556994,1.456266,1.376725,1.250065,1.193966
2014-03-27,1.553711,1.453195,1.377031,1.245796,1.191448
2014-03-28,1.561371,1.46036,1.3824,1.248257,1.197323
2014-03-31,1.574166,1.472327,1.395329,1.262093,1.207134
2014-04-01,1.584604,1.48209,1.408802,1.277805,1.215138
2014-04-02,1.589907,1.48705,1.412518,1.282244,1.21349
2014-04-03,1.587803,1.485081,1.405649,1.273954,1.21378
2014-04-04,1.569031,1.467524,1.388426,1.247819,1.214787
2014-04-07,1.551691,1.451306,1.37825,1.233206,1.214929
2014-04-08,1.558089,1.45729,1.385398,1.241576,1.218724
2014-04-09,1.574839,1.472957,1.399988,1.259093,1.231825
2014-04-10,1.541759,1.442016,1.36983,1.225297,1.20595
2014-04-11,1.52787,1.429026,1.357076,1.211212,1.204601
2014-04-14,1.539907,1.440284,1.365281,1.218694,1.204459
2014-04-15,1.550513,1.450204,1.371212,1.224412,1.21155
2014-04-16,1.566759,1.465399,1.385862,1.238554,1.224244
2014-04-17,1.568947,1.467446,1.387526,1.241284,1.222731
2014-04-21,1.574419,1.472563,1.393812,1.247741,1.222731
2014-04-22,1.581574,1.479255,1.401941,1.257225,1.222152
2014-04-23,1.57787,1.475791,1.395272,1.249925,1.222731
2014-04-24,1.581069,1.478783,1.398917,1.253694,1.222441
2014-04-25,1.568106,1.466659,1.38478,1.236232,1.222586
2014-04-28,1.573072,1.471304,1.387959,1.236476,1.222586
2014-04-29,1.580395,1.478153,1.394165,1.242723,1.222441
2014-04-30,1.585109,1.482562,1.399691,1.247808,1.223309
2014-05-01,1.585277,1.482719,1.402421,1.248941,1.223323
2014-05-02,1.583005,1.480594,1.401799,1.247919,1.223179
2014-05-05,1.586035,1.483428,1.402957,1.250382,1.223323
2014-05-06,1.57223,1.470516,1.393027,1.234572,1.211452
2014-05-07,1.58149,1.479177,1.397559,1.236073,1.218586
2014-05-08,1.579806,1.477602,1.394609,1.231101,1.217289
2014-05-09,1.582163,1.479806,1.396613,1.236995,1.219105
2014-05-12,1.597567,1.494214,1.410794,1.257172,1.217597
2014-05-13,1.598998,1.495553,1.408771,1.253735,1.21803
2014-05-14,1.591422,1.488466,1.403345,1.24279,1.218462
2014-05-15,1.577449,1.475398,1.395309,1.233101,1.218606
2014-05-16,1.58292,1.480515,1.402025,1.239821,1.218749
2014-05-19,1.588729,1.485948,1.405429,1.248662,1.222002
2014-05-20,1.578712,1.476579,1.397777,1.238178,1.214297
2014-05-21,1.592012,1.489018,1.40388,1.247714,1.213083
2014-05-22,1.595884,1.49264,1.407982,1.254877,1.212797
2014-05-23,1.602281,1.498623,1.416421,1.26417,1.21251
2014-05-27,1.612129,1.507834,1.425614,1.27807,1.212797
2014-05-28,1.610951,1.506732,1.42128,1.274235,1.213083
2014-05-29,1.619284,1.514526,1.426828,1.280576,1.21294
2014-05-30,1.621893,1.516967,1.425477,1.279391,1.213227
2014-06-02,1.623745,1.518699,1.425167,1.277152,1.212409
2014-06-03,1.622904,1.517912,1.422108,1.275278,1.212123
2014-06-04,1.626187,1.520982,1.423233,1.277601,1.212553
2014-06-05,1.636793,1.530902,1.437919,1.286909,1.212696
2014-06-06,1.644621,1.538224,1.444355,1.293758,1.212409
2014-06-09,1.646305,1.539799,1.443989,1.293444,1.211549
2014-06-10,1.646473,1.539956,1.442308,1.29331,1.211262
2014-06-11,1.640749,1.534603,1.438626,1.289563,1.211692
2014-06-12,1.629133,1.523738,1.434434,1.282756,1.212123
2014-06-13,1.6341,1.528383,1.436671,1.285621,1.214606
2014-06-16,1.635446,1.529642,1.436594,1.286468,1.215607
2014-06-17,1.639991,1.533894,1.437527,1.287584,1.218985
2014-06-18,1.652028,1.545152,1.448637,1.296844,1.218777
2014-06-19,1.65388,1.546884,1.447916,1.299386,1.218633
2014-06-20,1.657238,1.550025,1.450766,1.30004,1.218633
2014-06-23,1.656731,1.54955,1.447859,1.298834,1.218633
2014-06-24,1.64675,1.540216,1.445066,1.293098,1.219065
2014-06-25,1.654193,1.547177,1.449543,1.297638,1.21921
2014-06-26,1.653009,1.546069,1.450341,1.297877,1.217118
2014-06-27,1.656223,1.549076,1.454923,1.300872,1.219485
2014-06-30,1.655377,1.548284,1.45562,1.301772,1.218409
2014-07-01,1.666458,1.558648,1.464578,1.313243,1.217904
2014-07-02,1.668149,1.56023,1.462858,1.3123,1.217472
2014-07-03,1.676353,1.567903,1.464446,1.319855,1.217328
2014-07-07,1.670517,1.562445,1.45942,1.309464,1.21704
2014-07-08,1.659776,1.552398,1.453944,1.296096,1.217328
2014-07-09,1.667219,1.55936,1.457771,1.301799,1.217472
2014-07-10,1.660621,1.553189,1.454145,1.294092,1.211436
2014-07-11,1.662905,1.555325,1.455033,1.296903,1.213102
2014-07-14,1.671278,1.563157,1.456975,1.303882,1.219211
2014-07-15,1.668149,1.56023,1.450746,1.297289,1.216928
2014-07-16,1.674323,1.566005,1.455135,1.29944,1.215566
2014-07-17,1.655293,1.548205,1.447906,1.282107,1.216574
2014-07-18,1.672209,1.564027,1.45718,1.299899,1.215566
2014-07-21,1.669079,1.5611,1.457221,1.296802,1.215711
2014-07-22,1.676353,1.567903,1.461922,1.30508,1.215711
2014-07-23,1.680074,1.571384,1.464379,1.309368,1.216142
2014-07-24,1.680159,1.571463,1.461724,1.308023,1.215711
2014-07-25,1.672294,1.564106,1.460848,1.30032,1.215854
2014-07-28,1.672969,1.564738,1.461617,1.298455,1.215278
2014-07-29,1.66578,1.558014,1.45858,1.297022,1.208841
2014-07-30,1.666034,1.558252,1.455083,1.300505,1.209025
2014-07-31,1.633133,1.527479,1.433829,1.273278,1.185149
2014-08-01,1.628143,1.522812,1.432667,1.268471,1.181527
2014-08-04,1.639899,1.533808,1.440796,1.277939,1.190059
2014-08-05,1.623998,1.518935,1.429487,1.264032,1.17852
2014-08-06,1.624507,1.519411,1.428187,1.260966,1.17762
2014-08-07,1.61571,1.511183,1.425011,1.255712,1.178177
2014-08-08,1.634402,1.528666,1.4346,1.267344,1.190628
2014-08-11,1.639139,1.533096,1.443035,1.276473,1.194079
2014-08-12,1.636855,1.53096,1.439652,1.276183,1.192416
2014-08-13,1.647934,1.541323,1.451427,1.285869,1.191787
2014-08-14,1.655716,1.548601,1.456753,1.290788,1.192069
2014-08-15,1.655377,1.548284,1.458589,1.291629,1.192069
2014-08-18,1.669248,1.561258,1.468318,1.302712,1.192069
2014-08-19,1.67796,1.569406,1.47259,1.30944,1.192069
2014-08-20,1.682443,1.573599,1.471788,1.309737,1.190942
2014-08-21,1.687348,1.578187,1.474136,1.310054,1.190942
2014-08-22,1.684726,1.575735,1.472061,1.30887,1.19066
2014-08-25,1.693268,1.583724,1.47809,1.315841,1.190237
2014-08-26,1.694369,1.584753,1.481383,1.319194,1.19066
2014-08-27,1.693692,1.58412,1.484241,1.321337,1.190942
2014-08-28,1.692761,1.58325,1.480839,1.316259,1.191224
2014-08-29,1.697583,1.587759,1.484265,1.318462,1.191787
2014-09-02,1.696737,1.586968,1.482393,1.318837,1.190001
2014-09-03,1.695806,1.586097,1.485685,1.316704,1.189093
2014-09-04,1.693353,1.583803,1.479418,1.314027,1.188953
2014-09-05,1.700966,1.590924,1.485796,1.322858,1.193109
2014-09-08,1.696567,1.58681,1.481104,1.322104,1.190024
2014-09-09,1.685826,1.576763,1.470814,1.312941,1.18813
2014-09-10,1.692169,1.582696,1.470257,1.311302,1.188271
2014-09-11,1.694114,1.584515,1.468579,1.311799,1.188448
2014-09-12,1.684219,1.57526,1.452899,1.293587,1.181506
2014-09-15,1.68295,1.574074,1.44629,1.286999,1.180884
2014-09-16,1.695637,1.58594,1.454998,1.298181,1.181584
2014-09-17,1.697921,1.588075,1.45214,1.2993,1.181993
2014-09-18,1.70697,1.59654,1.456815,1.301078,1.180951
2014-09-19,1.705433,1.595101,1.454478,1.300949,1.180811
2014-09-22,1.692261,1.582782,1.442572,1.290151,1.18165
2014-09-23,1.682574,1.573722,1.435804,1.283397,1.18193
2014-09-24,1.695745,1.586041,1.443761,1.290194,1.19
2014-09-25,1.668384,1.56045,1.426622,1.272288,1.170799
2014-09-26,1.681639,1.572848,1.436456,1.285877,1.180101
2014-09-29,1.67858,1.569986,1.430946,1.28394,1.177954
2014-09-30,1.674162,1.565854,1.425273,1.281287,1.174854
2014-10-01,1.651474,1.544634,1.413912,1.269025,1.17493
2014-10-02,1.651729,1.544872,1.4127,1.268385,1.173937
2014-10-03,1.669913,1.56188,1.422287,1.279865,1.186861
2014-10-06,1.667959,1.560052,1.424483,1.279575,1.185472
2014-10-07,1.642211,1.53597,1.410996,1.263582,1.184988
2014-10-08,1.670933,1.562834,1.432938,1.288292,1.186248
2014-10-09,1.637793,1.531838,1.410454,1.27284,1.161535
2014-10-10,1.619099,1.514353,1.395457,1.257801,1.148277
2014-10-13,1.592502,1.489477,1.391415,1.244742,1.129414
2014-10-14,1.594967,1.491782,1.400244,1.252141,1.131162
2014-10-15,1.584175,1.481688,1.396694,1.245004,1.123508
2014-10-16,1.582815,1.480416,1.392891,1.242711,1.122544
2014-10-17,1.601509,1.497901,1.402337,1.253564,1.135802
2014-10-20,1.617059,1.512445,1.415257,1.270246,1.14683
2014-10-21,1.649095,1.542409,1.431389,1.293613,1.145413
2014-10-22,1.637368,1.531441,1.423394,1.288434,1.145143
2014-10-23,1.656402,1.549243,1.434092,1.3032,1.144603
2014-10-24,1.669149,1.561165,1.440325,1.309757,1.144874
2014-10-27,1.666854,1.559019,1.439215,1.312697,1.144874
2014-10-28,1.685973,1.5769,1.45741,1.326238,1.144603
2014-10-29,1.683425,1.574518,1.453841,1.321442,1.143119
2014-10-30,1.694216,1.584611,1.462312,1.327977,1.143523
2014-10-31,1.71359,1.602731,1.477494,1.344707,1.143253
2014-11-03,1.714525,1.603605,1.476148,1.350194,1.143105
2014-11-04,1.708576,1.598042,1.473737,1.347862,1.142969
2014-11-05,1.719369,1.608136,1.47326,1.349787,1.142699
2014-11-06,1.726251,1.614573,1.46898,1.349562,1.14243
2014-11-07,1.727866,1.616083,1.472892,1.349015,1.14324
2014-11-10,1.733304,1.62117,1.476645,1.355727,1.14243
2014-11-11,1.735004,1.622759,1.478043,1.355828,1.142295
2014-11-12,1.733134,1.621011,1.475161,1.352716,1.142699
2014-11-13,1.735088,1.622838,1.476607,1.357625,1.142969
2014-11-14,1.735514,1.623236,1.478276,1.355425,1.14351
2014-11-17,1.736618,1.624269,1.473357,1.356371,1.143375
2014-11-18,1.746645,1.633648,1.482287,1.364315,1.14324
2014-11-19,1.743841,1.631025,1.474752,1.357443,1.143105
2014-11-20,1.7469,1.633886,1.478602,1.361754,1.143375
2014-11-21,1.756247,1.642628,1.491548,1.367885,1.143645
2014-11-24,1.761175,1.647237,1.496758,1.374332,1.14378
2014-11-25,1.759901,1.646046,1.498244,1.375508,1.143916
2014-11-26,1.764405,1.650259,1.507085,1.384091,1.14405
2014-11-28,1.760666,1.646762,1.50061,1.386404,1.144455
2014-12-01,1.748429,1.635316,1.487698,1.376814,1.144442
2014-12-02,1.759731,1.645887,1.492281,1.376592,1.143766
2014-12-03,1.766529,1.652245,1.496475,1.378759,1.147041
2014-12-04,1.764575,1.650417,1.497125,1.383579,1.145772
2014-12-05,1.767463,1.653119,1.496829,1.378599,1.142461
2014-12-08,1.755652,1.642072,1.490163,1.383853,1.142327
2014-12-09,1.754463,1.64096,1.493177,1.389784,1.142732
2014-12-10,1.726336,1.614652,1.477362,1.38543,1.143677
2014-12-11,1.735088,1.622838,1.479486,1.39037,1.148332
2014-12-12,1.707047,1.596611,1.46468,1.387575,1.129774
2014-12-15,1.69532,1.585643,1.44935,1.375839,1.122012
2014-12-16,1.681725,1.572928,1.44751,1.373526,1.113015
2014-12-17,1.714695,1.603764,1.471822,1.38825,1.134835
2014-12-18,1.757097,1.643423,1.489566,1.394389,1.162898
2014-12-19,1.764573,1.650416,1.49645,1.402458,1.16091
2014-12-22,1.77269,1.658008,1.507297,1.41207,1.161184
2014-12-23,1.775083,1.660245,1.49956,1.399753,1.159946
2014-12-24,1.775254,1.660405,1.502128,1.400762,1.160538
2014-12-26,1.780978,1.66576,1.509551,1.407465,1.160125
2014-12-29,1.783371,1.667997,1.510636,1.413458,1.161226
2014-12-30,1.773801,1.659047,1.505652,1.411252,1.161638
2014-12-31,1.7562,1.642584,1.495636,1.399389,1.161226
2015-01-02,1.75526,1.641705,1.4955,1.410201,1.162463
2015-01-05,1.72356,1.612056,1.48762,1.413262,1.140307
2015-01-06,1.707327,1.596873,1.483993,1.420106,1.129566
2015-01-07,1.728601,1.616771,1.499137,1.43253,1.143642
2015-01-08,1.759275,1.645461,1.512443,1.437149,1.163936
2015-01-09,1.745177,1.632275,1.508578,1.439467,1.154608
2015-01-12,1.731507,1.619489,1.506098,1.440873,1.154136
2015-01-13,1.726637,1.614934,1.504936,1.440004,1.154817
2015-01-14,1.716212,1.605184,1.505136,1.445145,1.14669
2015-01-15,1.700491,1.590479,1.498829,1.447589,1.136185
2015-01-16,1.722791,1.611337,1.509936,1.451282,1.151086
2015-01-20,1.726465,1.614773,1.513336,1.457728,1.15354
2015-01-21,1.73518,1.622925,1.511741,1.454261,1.159363
2015-01-22,1.760985,1.64706,1.532281,1.470108,1.157794
2015-01-23,1.751329,1.638029,1.534467,1.476622,1.158341
2015-01-26,1.755431,1.641865,1.539445,1.478703,1.157658
2015-01-27,1.732276,1.620208,1.526515,1.466861,1.158341
2015-01-28,1.71006,1.59943,1.518849,1.469094,1.15916
2015-01-29,1.725868,1.614214,1.527839,1.472302,1.158749
2015-01-30,1.704165,1.593916,1.514038,1.467094,1.143019
2015-02-02,1.725269,1.613654,1.52125,1.468205,1.157174
2015-02-03,1.750219,1.63699,1.528896,1.466801,1.173908
2015-02-04,1.743554,1.630756,1.526412,1.465188,1.169438
2015-02-05,1.761156,1.647219,1.535215,1.469909,1.167854
2015-02-06,1.756285,1.642664,1.513375,1.444022,1.165101
2015-02-09,1.748424,1.635312,1.508773,1.438321,1.164964
2015-02-10,1.767051,1.652733,1.512967,1.443499,1.164689
2015-02-11,1.768077,1.653693,1.509201,1.444724,1.1642
2015-02-12,1.785079,1.669596,1.523196,1.454485,1.163449
2015-02-13,1.792427,1.676468,1.52725,1.450442,1.163449
2015-02-17,1.795248,1.679106,1.52053,1.442421,1.1629
2015-02-18,1.795418,1.679265,1.524964,1.450428,1.164274
2015-02-19,1.794137,1.678067,1.518121,1.439233,1.163587
2015-02-20,1.804902,1.688136,1.524406,1.448485,1.163449
2015-02-23,1.804646,1.687897,1.527143,1.458388,1.163999
2015-02-24,1.809772,1.692691,1.529596,1.455552,1.164961
2015-02-25,1.808234,1.691253,1.530519,1.456557,1.164961
2015-02-26,1.806098,1.689255,1.527557,1.447103,1.163862
2015-02-27,1.799947,1.683501,1.528224,1.452822,1.164274
2015-03-02,1.811311,1.69413,1.529128,1.450968,1.17046
2015-03-03,1.803876,1.687176,1.521815,1.446037,1.165656
2015-03-04,1.796272,1.680064,1.513874,1.439722,1.160742
2015-03-05,1.798238,1.681903,1.515367,1.441345,1.162013
2015-03-06,1.772947,1.658248,1.487936,1.40934,1.14567
2015-03-09,1.780295,1.66512,1.494081,1.418773,1.150418
2015-03-10,1.751414,1.638108,1.480106,1.415865,1.131756
2015-03-11,1.747314,1.634273,1.483504,1.416989,1.129106
2015-03-12,1.769529,1.655051,1.498044,1.427975,1.143461
2015-03-13,1.758678,1.644902,1.490591,1.424156,1.136449
2015-03-16,1.782174,1.666878,1.506515,1.439754,1.135447
2015-03-17,1.776877,1.661924,1.511745,1.444322,1.135179
2015-03-18,1.798238,1.681903,1.535568,1.468413,1.137862
2015-03-19,1.790035,1.674231,1.529516,1.466415,1.136386
2015-03-20,1.805835,1.689009,1.54721,1.48442,1.137191
2015-03-23,1.802317,1.685718,1.546117,1.482235,1.137594
2015-03-24,1.79219,1.676246,1.545003,1.481027,1.137996
2015-03-25,1.765927,1.651682,1.518485,1.457043,1.137728
2015-03-26,1.761722,1.647749,1.509083,1.445275,1.133881
2015-03-27,1.765756,1.651522,1.516429,1.453825,1.136477
2015-03-30,1.787297,1.67167,1.53307,1.463913,1.150342
2015-03-31,1.771677,1.65706,1.525037,1.455492,1.140288
2015-04-01,1.765412,1.6512,1.52906,1.458647,1.139646
2015-04-02,1.771763,1.657141,1.533681,1.457515,1.139511
2015-04-06,1.783693,1.668298,1.54313,1.463817,1.146044
2015-04-07,1.778973,1.663884,1.536702,1.458483,1.143012
2015-04-08,1.78498,1.669503,1.547638,1.463242,1.141869
2015-04-09,1.792876,1.676888,1.543331,1.449861,1.141465
2015-04-10,1.80266,1.686039,1.547395,1.452201,1.141196
2015-04-13,1.794506,1.678413,1.543913,1.45037,1.141869
2015-04-14,1.79794,1.681624,1.54748,1.454106,1.142406
2015-04-15,1.806007,1.689169,1.551709,1.453089,1.142406
2015-04-16,1.805492,1.688688,1.552547,1.451246,1.142945
2015-04-17,1.784722,1.669262,1.538585,1.447009,1.142406
2015-04-20,1.80103,1.684514,1.545161,1.450694,1.142272
2015-04-21,1.798884,1.682507,1.546472,1.451398,1.139769
2015-04-22,1.807724,1.690775,1.548899,1.447656,1.14537
2015-04-23,1.812272,1.695029,1.5554,1.452846,1.144764
2015-04-24,1.816478,1.698963,1.561758,1.463437,1.145169
2015-04-27,1.808925,1.691899,1.557804,1.461552,1.145034
2015-04-28,1.814676,1.697277,1.555879,1.452916,1.144495
2015-04-29,1.807209,1.690294,1.538729,1.434182,1.14463
2015-04-30,1.7891,1.673356,1.519095,1.419737,1.144495
2015-05-01,1.808496,1.691497,1.526872,1.423188,1.144022
2015-05-04,1.813646,1.696314,1.527619,1.419969,1.146136
2015-05-05,1.792876,1.676888,1.508125,1.401314,1.133011
2015-05-06,1.785496,1.669985,1.500294,1.389205,1.131476
2015-05-07,1.792619,1.676647,1.508404,1.405313,1.131076
2015-05-08,1.81622,1.698721,1.526872,1.418977,1.144837
2015-05-11,1.807552,1.690615,1.512539,1.398532,1.139373
2015-05-12,1.802145,1.685557,1.510901,1.399043,1.138368
2015-05-13,1.802488,1.685878,1.509608,1.391802,1.138905
2015-05-14,1.821284,1.703458,1.526767,1.408792,1.149642
2015-05-15,1.823258,1.705304,1.535294,1.423005,1.150888
2015-05-18,1.828922,1.710602,1.532198,1.415896,1.14906
2015-05-19,1.828321,1.71004,1.528416,1.409563,1.148383
2015-05-20,1.827034,1.708836,1.529247,1.410247,1.148789
2015-05-21,1.832355,1.713813,1.533184,1.41704,1.149195
2015-05-22,1.827979,1.70972,1.530626,1.416177,1.145301
2015-05-26,1.808324,1.691337,1.518342,1.415229,1.144291
2015-05-27,1.825489,1.70739,1.531343,1.428543,1.144425
2015-05-28,1.82343,1.705465,1.52619,1.425356,1.14199
2015-05-29,1.812101,1.694869,1.515993,1.418112,1.134895
2015-06-01,1.815791,1.69832,1.516743,1.420414,1.133051
2015-06-02,1.813989,1.696635,1.508598,1.418411,1.130793
2015-06-03,1.818795,1.70113,1.504123,1.425789,1.133789
2015-06-04,1.803432,1.686761,1.499619,1.413397,1.124212
2015-06-05,1.800342,1.683871,1.493566,1.414878,1.122027
2015-06-08,1.789271,1.673516,1.486442,1.405007,1.122689
2015-06-09,1.789014,1.673275,1.480486,1.402734,1.121405
2015-06-10,1.81047,1.693344,1.491281,1.420573,1.134855
2015-06-11,1.816306,1.698802,1.501529,1.423994,1.138512
2015-06-12,1.802402,1.685798,1.495591,1.415036,1.137105
2015-06-15,1.794678,1.678573,1.490733,1.409175,1.137642
2015-06-16,1.804462,1.687724,1.500845,1.417627,1.138045
2015-06-17,1.80738,1.690454,1.501939,1.418984,1.138747
2015-06-18,1.826176,1.708034,1.51613,1.437129,1.15059
2015-06-19,1.818069,1.700451,1.514707,1.432409,1.149711
2015-06-22,1.827384,1.709163,1.511281,1.441661,1.148898
2015-06-23,1.828677,1.710373,1.508041,1.4434,1.148627
2015-06-24,1.815396,1.697951,1.502713,1.433365,1.149169
2015-06-25,1.809877,1.692789,1.496933,1.430697,1.148898
2015-06-26,1.809531,1.692465,1.492857,1.426136,1.147529
2015-06-29,1.771585,1.656974,1.475267,1.392937,1.123465
2015-06-30,1.775293,1.660442,1.476149,1.397729,1.125817
2015-07-01,1.789523,1.673752,1.48261,1.406543,1.134841
2015-07-02,1.787884,1.672219,1.481948,1.402782,1.133802
2015-07-06,1.782796,1.66746,1.487685,1.400217,1.132935
2015-07-07,1.794008,1.677947,1.498096,1.40485,1.132801
2015-07-08,1.763909,1.649795,1.484713,1.381695,1.112663
2015-07-09,1.7671,1.652779,1.478885,1.383929,1.114676
2015-07-10,1.78935,1.67359,1.488999,1.403191,1.128711
2015-07-13,1.8091,1.692063,1.500371,1.421841,1.141169
2015-07-14,1.816948,1.699403,1.50692,1.429655,1.140566
2015-07-15,1.816345,1.698838,1.509245,1.427486,1.140969
2015-07-16,1.830919,1.712469,1.522253,1.440871,1.140431
2015-07-17,1.832472,1.713922,1.526164,1.446267,1.140163
2015-07-20,1.83342,1.714809,1.524784,1.445565,1.13949
2015-07-21,1.826176,1.708033,1.52275,1.441092,1.139625
2015-07-22,1.822898,1.704968,1.523097,1.436565,1.13949
2015-07-23,1.812636,1.695369,1.516885,1.426795,1.139625
2015-07-24,1.793835,1.677785,1.507918,1.40954,1.126666
2015-07-27,1.7834,1.668025,1.503316,1.399013,1.120112
2015-07-28,1.805306,1.688513,1.51017,1.412746,1.13387
2015-07-29,1.817724,1.700128,1.51508,1.419081,1.14167
2015-07-30,1.818155,1.700531,1.518295,1.422799,1.14194
2015-07-31,1.815396,1.697951,1.523795,1.424127,1.142011
2015-08-03,1.809273,1.692224,1.525401,1.418687,1.142387
2015-08-04,1.805736,1.688916,1.518861,1.415752,1.140637
2015-08-05,1.811688,1.694482,1.518623,1.422033,1.143256
2015-08-06,1.796854,1.680608,1.510292,1.404158,1.133895
2015-08-07,1.793404,1.677381,1.51238,1.399525,1.131718
2015-08-10,1.815999,1.698515,1.518422,1.416101,1.145977
2015-08-11,1.799614,1.68319,1.516018,1.401744,1.135637
2015-08-12,1.80177,1.685206,1.516153,1.403022,1.134501
2015-08-13,1.799528,1.683109,1.513638,1.400119,1.133565
2015-08-14,1.806082,1.689239,1.519505,1.405543,1.133031
2015-08-17,1.816172,1.698677,1.530901,1.417004,1.1337
2015-08-18,1.810911,1.693756,1.524433,1.409453,1.133565
2015-08-19,1.796595,1.680366,1.518055,1.397778,1.134636
2015-08-20,1.75908,1.645278,1.496462,1.363362,1.134235
2015-08-21,1.706127,1.595751,1.466217,1.324509,1.098957
2015-08-24,1.634287,1.528559,1.417319,1.271698,1.052683
2015-08-25,1.615055,1.510571,1.398386,1.261857,1.040296
2015-08-26,1.677064,1.568568,1.432488,1.309888,1.080237
2015-08-27,1.718546,1.607366,1.45766,1.339551,1.106956
2015-08-28,1.718632,1.607447,1.460934,1.343896,1.105328
2015-08-31,1.704747,1.59446,1.444971,1.333094,1.104936
2015-09-01,1.653865,1.546869,1.415613,1.293214,1.105328
2015-09-02,1.685257,1.545687,1.435341,1.292225,1.125203
2015-09-03,1.686464,1.545687,1.435019,1.292225,1.126009
2015-09-04,1.660937,1.545869,1.425884,1.292377,1.108965
2015-09-08,1.702677,1.545323,1.44778,1.291921,1.107464
2015-09-09,1.679909,1.544958,1.436442,1.291616,1.091548
2015-09-10,1.689051,1.545504,1.441515,1.292072,1.097488
2015-09-11,1.696727,1.546052,1.449111,1.29253,1.102475
2015-09-14,1.690431,1.545687,1.445569,1.292225,1.098385
2015-09-15,1.71156,1.5435,1.451485,1.290396,1.095732
2015-09-16,1.726394,1.543317,1.458434,1.290244,1.095602
2015-09-17,1.722513,1.546781,1.463448,1.29314,1.098061
2015-09-18,1.694365,1.54751,1.452844,1.293749,1.098579
2015-09-21,1.70312,1.546598,1.449279,1.292987,1.097931
2015-09-22,1.681014,1.54751,1.438708,1.293749,1.082583
2015-09-23,1.678327,1.546963,1.437305,1.293292,1.080852
2015-09-24,1.672258,1.547875,1.436542,1.294054,1.076944
2015-09-25,1.671825,1.547146,1.425572,1.293445,1.076664
2015-09-28,1.629867,1.548239,1.402601,1.294359,1.049643
2015-09-29,1.630821,1.548969,1.399483,1.294969,1.050258
2015-09-30,1.661249,1.549333,1.418286,1.295273,1.069854
2015-10-01,1.665584,1.549333,1.42171,1.295273,1.072645
2015-10-02,1.690463,1.551522,1.437588,1.297103,1.073088
2015-10-05,1.720545,1.550427,1.452501,1.296188,1.072331
2015-10-06,1.71465,1.550245,1.449005,1.296036,1.072205
2015-10-07,1.728694,1.54988,1.460539,1.295731,1.071952
2015-10-08,1.744298,1.549515,1.46529,1.295426,1.0717
2015-10-09,1.745339,1.549515,1.468037,1.295426,1.0717
2015-10-12,1.746986,1.549151,1.473787,1.295121,1.071448
2015-10-13,1.735976,1.549699,1.464125,1.295579,1.071827
2015-10-14,1.727654,1.551886,1.460409,1.297407,1.07334
2015-10-15,1.754181,1.550975,1.478338,1.296646,1.07271
2015-10-16,1.762156,1.550245,1.482315,1.296036,1.076514
2015-10-19,1.763024,1.550793,1.489317,1.296493,1.075818
2015-10-20,1.760769,1.54988,1.484457,1.295731,1.075185
2015-10-21,1.749847,1.550427,1.47885,1.296188,1.075564
2015-10-22,1.779408,1.550975,1.493506,1.296646,1.075945
2015-10-23,1.798913,1.549699,1.500828,1.295579,1.086663
2015-10-26,1.794492,1.549699,1.500907,1.295579,1.085576
2015-10-27,1.791025,1.550245,1.498361,1.296036,1.085959
2015-10-28,1.811397,1.548239,1.511222,1.294358,1.084553
2015-10-29,1.810356,1.547144,1.500068,1.293443,1.082846
2015-10-30,1.802554,1.547144,1.496062,1.293443,1.081763
2015-11-02,1.82388,1.54625,1.514309,1.292695,1.081138
2015-11-03,1.829168,1.549187,1.511983,1.289825,1.083192
2015-11-04,1.82362,1.544488,1.509941,1.286642,1.080958
2015-11-05,1.8218,1.542946,1.509459,1.286765,1.080958
2015-11-06,1.820846,1.542139,1.497843,1.273504,1.079936
2015-11-09,1.803855,1.527748,1.481527,1.257759,1.068779
2015-11-10,1.808016,1.531272,1.486602,1.262454,1.071244
2015-11-11,1.800907,1.525252,1.482192,1.260767,1.067032
2015-11-12,1.775767,1.50396,1.468912,1.247953,1.052137
2015-11-13,1.755827,1.487072,1.456057,1.23038,1.040322
2015-11-16,1.782528,1.509686,1.470262,1.247237,1.056143
2015-11-17,1.781229,1.508585,1.469599,1.247195,1.055373
2015-11-18,1.809489,1.53252,1.488078,1.265427,1.072117
2015-11-19,1.807929,1.531199,1.489679,1.266659,1.070792
2015-11-20,1.814517,1.536779,1.497527,1.276345,1.070792
2015-11-23,1.812437,1.535017,1.49937,1.275544,1.070665
2015-11-24,1.814864,1.537072,1.500095,1.273491,1.070665
2015-11-25,1.814604,1.536852,1.50456,1.275523,1.070792
2015-11-27,1.816685,1.538614,1.508784,1.280306,1.071045
2015-11-30,1.809142,1.532226,1.504425,1.274303,1.070665
2015-12-01,1.826394,1.546837,1.520531,1.288486,1.071311
2015-12-02,1.807756,1.531052,1.506183,1.272704,1.070425
2015-12-03,1.782442,1.509613,1.478853,1.252901,1.070425
2015-12-04,1.817205,1.539055,1.502767,1.278773,1.070678
2015-12-07,1.806195,1.52973,1.497152,1.27308,1.06312
2015-12-08,1.794058,1.519451,1.493396,1.269888,1.055976
2015-12-09,1.780101,1.50763,1.481213,1.257806,1.055296
2015-12-10,1.784696,1.511522,1.482575,1.257786,1.056965
2015-12-11,1.750107,1.482227,1.467537,1.239256,1.036479
2015-12-14,1.758949,1.489716,1.466713,1.24639,1.041716
2015-12-15,1.777414,1.505355,1.477271,1.257809,1.052652
2015-12-16,1.803421,1.527381,1.495632,1.278365,1.068054
2015-12-17,1.77594,1.504106,1.485422,1.263546,1.066986
2015-12-18,1.744302,1.477311,1.468086,1.243067,1.068376
2015-12-21,1.75869,1.489497,1.477062,1.252712,1.06825
2015-12-22,1.774649,1.503013,1.48345,1.26093,1.076876
2015-12-23,1.796626,1.521625,1.493888,1.273575,1.090211
2015-12-24,1.79366,1.519114,1.495618,1.272799,1.089547
2015-12-28,1.789562,1.515643,1.495932,1.273954,1.088902
2015-12-29,1.80866,1.531818,1.505273,1.289685,1.088643
2015-12-30,1.795841,1.520961,1.49605,1.281273,1.079838
2015-12-31,1.777876,1.505746,1.484348,1.267967,1.078247
2016-01-04,1.753022,1.484696,1.465622,1.248053,1.079652
2016-01-05,1.755988,1.482333,1.474442,1.258595,1.080399
2016-01-06,1.733837,1.483211,1.462175,1.250826,1.066771
2016-01-07,1.69224,1.483739,1.425724,1.219058,1.041177
2016-01-08,1.673665,1.484792,1.410254,1.205907,1.029748
2016-01-11,1.675321,1.485318,1.414836,1.211187,1.030768
2016-01-12,1.688839,1.485495,1.420963,1.214168,1.039084
2016-01-13,1.646718,1.486372,1.386019,1.184522,1.013169
2016-01-14,1.673751,1.486723,1.402352,1.195736,1.012395
2016-01-15,1.637823,1.487953,1.374615,1.173095,1.013232
2016-01-19,1.640003,1.487777,1.37865,1.177479,1.013113
2016-01-20,1.618986,1.488831,1.359011,1.159864,1.01383
2016-01-21,1.628055,1.488655,1.36451,1.163656,1.018495
2016-01-22,1.661456,1.488127,1.399675,1.196703,1.03939
2016-01-25,1.636341,1.488127,1.382768,1.184064,1.023679
2016-01-26,1.658666,1.488831,1.402856,1.201789,1.023139
2016-01-27,1.640613,1.489181,1.377068,1.175191,1.02338
2016-01-28,1.64916,1.489181,1.382437,1.179003,1.02338
2016-01-29,1.689362,1.490937,1.412762,1.203426,1.024586
2016-02-01,1.688751,1.490147,1.414653,1.20606,1.024044
2016-02-02,1.658316,1.492079,1.383089,1.206417,1.025372
2016-02-03,1.668257,1.49243,1.376455,1.206701,1.025613
2016-02-04,1.670874,1.492782,1.376319,1.206986,1.026196
2016-02-05,1.639044,1.49243,1.328524,1.206701,1.006647
2016-02-08,1.616981,1.494188,1.308214,1.208122,1.006826
2016-02-09,1.617068,1.493661,1.304152,1.207696,1.005873
2016-02-10,1.615672,1.493661,1.309162,1.207696,1.005005
2016-02-11,1.594656,1.495066,1.307267,1.208832,0.991932
2016-02-12,1.627532,1.49331,1.32717,1.207412,1.012382
2016-02-16,1.655002,1.49243,1.357093,1.206701,1.02947
2016-02-17,1.682037,1.492782,1.387828,1.206986,1.046286
2016-02-18,1.675148,1.494012,1.371987,1.20798,1.046101
2016-02-19,1.674362,1.492607,1.376049,1.206844,1.045117
2016-02-22,1.698606,1.492782,1.398389,1.206986,1.04524
2016-02-23,1.677153,1.492958,1.375371,1.207128,1.030994
2016-02-24,1.684827,1.49331,1.388505,1.207412,1.030206
2016-02-25,1.705234,1.493661,1.40218,1.207696,1.030448
2016-02-26,1.701309,1.491728,1.40042,1.206133,1.029115
2016-02-29,1.687967,1.492607,1.387828,1.206844,1.029721
2016-03-01,1.727645,1.49062,1.432374,1.205238,1.02835
2016-03-02,1.735407,1.490444,1.439432,1.211176,1.031942
2016-03-03,1.742209,1.490972,1.454486,1.223843,1.031276
2016-03-04,1.747878,1.489917,1.448678,1.218956,1.030546
2016-03-07,1.749272,1.488862,1.452059,1.221801,1.029816
2016-03-08,1.730174,1.489917,1.456722,1.225724,1.030546
2016-03-09,1.73872,1.48939,1.446254,1.216916,1.030181
2016-03-10,1.740116,1.489214,1.454898,1.22419,1.029978
2016-03-11,1.768196,1.487807,1.435035,1.207476,1.046598
2016-03-14,1.765929,1.487807,1.428034,1.201586,1.045552
2016-03-15,1.763051,1.488335,1.42925,1.202609,1.045923
2016-03-16,1.773254,1.491323,1.447307,1.217802,1.048023
2016-03-17,1.784504,1.491147,1.447537,1.217996,1.053624
2016-03-18,1.791516,1.491499,1.447066,1.2176,1.052819
2016-03-21,1.794059,1.491323,1.436442,1.208661,1.052695
2016-03-22,1.793094,1.490444,1.438388,1.210297,1.052074
2016-03-23,1.78126,1.491323,1.430257,1.203456,1.052695
2016-03-24,1.780471,1.49062,1.428816,1.202243,1.052199
2016-03-28,1.781524,1.490972,1.431411,1.204427,1.051768
2016-03-29,1.798003,1.493784,1.452174,1.221897,1.061497
2016-03-30,1.805892,1.493959,1.43438,1.206925,1.066155
2016-03-31,1.801509,1.494663,1.442775,1.213989,1.065591
2016-04-01,1.813781,1.493802,1.440303,1.211909,1.064977
2016-04-04,1.807908,1.487471,1.435251,1.206289,1.065729
2016-04-05,1.789851,1.472614,1.434598,1.204994,1.066105
2016-04-06,1.809398,1.488697,1.439301,1.210107,1.065729
2016-04-07,1.787747,1.470883,1.437586,1.207551,1.051911
2016-04-08,1.792568,1.47485,1.437496,1.208884,1.054747
2016-04-11,1.788361,1.471388,1.438692,1.212026,1.052272
2016-04-12,1.805016,1.485091,1.443925,1.218399,1.062072
2016-04-13,1.823248,1.500092,1.447191,1.217463,1.072799
2016-04-14,1.823335,1.500164,1.440198,1.209585,1.071726
2016-04-15,1.821319,1.498505,1.44577,1.214376,1.072484
2016-04-18,1.834117,1.509035,1.44904,1.217859,1.072357
2016-04-19,1.839902,1.513795,1.451944,1.221915,1.074667
2016-04-20,1.841656,1.515237,1.442862,1.213269,1.072834
2016-04-21,1.83175,1.507087,1.435563,1.20762,1.072581
2016-04-22,1.83175,1.507087,1.429937,1.200765,1.072581
2016-04-25,1.828595,1.504491,1.431465,1.205246,1.072328
2016-04-26,1.831312,1.506727,1.431448,1.206447,1.072849
2016-04-27,1.835081,1.509828,1.433245,1.20413,1.075057
2016-04-28,1.818427,1.496125,1.433191,1.206042,1.0653
2016-04-29,1.808609,1.488048,1.433806,1.208047,1.064611
2016-05-02,1.822985,1.499876,1.43941,1.21677,1.064222
2016-05-03,1.807119,1.486822,1.440268,1.221186,1.053896
2016-05-04,1.797039,1.478528,1.443187,1.226756,1.048017
2016-05-05,1.796688,1.47824,1.446141,1.230184,1.047813
2016-05-06,1.803263,1.483649,1.453178,1.236665,1.051647
2016-05-09,1.804753,1.484875,1.451148,1.234021,1.052516
2016-05-10,1.827193,1.503338,1.456637,1.23513,1.051711
2016-05-11,1.8101,1.489274,1.450934,1.232534,1.05134
2016-05-12,1.810625,1.489707,1.448633,1.229809,1.050722
2016-05-13,1.794847,1.476725,1.4474,1.231986,1.050845
2016-05-16,1.812554,1.491294,1.451549,1.232642,1.060162
2016-05-17,1.795636,1.477374,1.443293,1.227129,1.050266
2016-05-18,1.796162,1.477807,1.42635,1.207803,1.050574
2016-05-19,1.789939,1.472686,1.421988,1.204273,1.046934
2016-05-20,1.801246,1.48199,1.426872,1.207252,1.053548
2016-05-23,1.798792,1.479971,1.426211,1.207054,1.052112
2016-05-24,1.822108,1.499154,1.427497,1.20329,1.06575
2016-05-25,1.834468,1.509324,1.427597,1.200682,1.065313
2016-05-26,1.834994,1.509756,1.429015,1.202157,1.065941
2016-05-27,1.842883,1.516247,1.429019,1.200439,1.065313
2016-05-31,1.839376,1.513362,1.430509,1.202869,1.065816
2016-06-01,1.843146,1.516463,1.432622,1.204417,1.065074
2016-06-02,1.848756,1.521079,1.436674,1.208437,1.065954
2016-06-03,1.843234,1.516536,1.44769,1.226977,1.067713
2016-06-06,1.852613,1.524252,1.445934,1.22093,1.067462
2016-06-07,1.855506,1.526632,1.447868,1.224047,1.067713
2016-06-08,1.861554,1.531608,1.457005,1.234888,1.067964
2016-06-09,1.859012,1.529517,1.460283,1.240752,1.068216
2016-06-10,1.841393,1.515021,1.455425,1.242484,1.068845
2016-06-13,1.827193,1.503338,1.454265,1.247488,1.069095
2016-06-14,1.823599,1.50038,1.453031,1.246541,1.065923
2016-06-15,1.821056,1.498289,1.457815,1.255152,1.064437
2016-06-16,1.826492,1.502761,1.459544,1.255142,1.067614
2016-06-17,1.819689,1.497164,1.456486,1.257221,1.063638
2016-06-20,1.831408,1.506806,1.455749,1.250825,1.070488
2016-06-21,1.836607,1.511083,1.451663,1.242468,1.073527
2016-06-22,1.83361,1.508618,1.450667,1.242724,1.071775
2016-06-23,1.857489,1.528264,1.454835,1.23737,1.070326
2016-06-24,1.790788,1.473386,1.4519,1.265008,1.072843
2016-06-27,1.758716,1.446997,1.449958,1.27811,1.073473
2016-06-28,1.790436,1.473096,1.465146,1.283404,1.07385
2016-06-29,1.820923,1.498179,1.477841,1.287077,1.091062
2016-06-30,1.84577,1.518622,1.490928,1.295255,1.10595
2016-07-01,1.849647,1.521812,1.501867,1.308019,1.105233
2016-07-05,1.836342,1.510865,1.507431,1.321894,1.10575
2016-07-06,1.847356,1.519927,1.512655,1.323276,1.105233
2016-07-07,1.846211,1.518985,1.509084,1.317041,1.104714
2016-07-08,1.873701,1.541603,1.527168,1.330018,1.104714
2016-07-11,1.88031,1.54704,1.526473,1.324912,1.103548
2016-07-12,1.893967,1.558277,1.520126,1.310293,1.103159
2016-07-13,1.893704,1.55806,1.527409,1.321876,1.103419
2016-07-14,1.904277,1.566759,1.521681,1.308142,1.102771
2016-07-15,1.901721,1.564656,1.517097,1.30286,1.102252
2016-07-18,1.906832,1.568861,1.520922,1.304294,1.1029
2016-07-19,1.904893,1.567266,1.523109,1.309446,1.10303
2016-07-20,1.912823,1.573791,1.521946,1.300863,1.102512
2016-07-21,1.905599,1.567847,1.525955,1.309206,1.103289
2016-07-22,1.914145,1.574879,1.529526,1.310542,1.1029
2016-07-25,1.908946,1.570601,1.525805,1.306376,1.102123
2016-07-26,1.909828,1.571326,1.526569,1.306767,1.102252
2016-07-27,1.907801,1.569659,1.534708,1.315817,1.10303
2016-07-28,1.910004,1.571471,1.53753,1.317812,1.1029
2016-07-29,1.913087,1.574008,1.548344,1.331596,1.104325
2016-08-01,1.911502,1.572704,1.547616,1.32857,1.10395
2016-08-02,1.899254,1.562627,1.53539,1.320532,1.10356
2016-08-03,1.904805,1.567194,1.537078,1.316132,1.10369
2016-08-04,1.906832,1.568861,1.540487,1.318382,1.103761
2016-08-05,1.922427,1.581693,1.544055,1.306254,1.112788
2016-08-08,1.921282,1.58075,1.545752,1.307471,1.111283
2016-08-09,1.922427,1.581693,1.552395,1.315896,1.111937
2016-08-10,1.917669,1.577778,1.551396,1.319167,1.112459
2016-08-11,1.926569,1.5851,1.551274,1.307217,1.111414
2016-08-12,1.924895,1.583723,1.552962,1.311809,1.112198
2016-08-15,1.930446,1.58829,1.557507,1.308763,1.111937
2016-08-16,1.92049,1.580098,1.550167,1.304522,1.111544
2016-08-17,1.924102,1.583071,1.551195,1.30899,1.111544
2016-08-18,1.928419,1.586622,1.556037,1.31014,1.112328
2016-08-19,1.9256,1.584303,1.549872,1.301204,1.111283
2016-08-22,1.925512,1.58423,1.550332,1.30657,1.111414
2016-08-23,1.929388,1.58742,1.552151,1.307214,1.111544
2016-08-24,1.91952,1.579301,1.544421,1.299435,1.104747
2016-08-25,1.918199,1.578214,1.544485,1.299369,1.103253
2016-08-26,1.914586,1.575241,1.538261,1.291951,1.102215
2016-08-29,1.924014,1.582998,1.548003,1.302812,1.10654
2016-08-30,1.920842,1.580388,1.543236,1.295944,1.104716
2016-08-31,1.915378,1.575893,1.538788,1.296136,1.103481
2016-09-01,1.915467,1.575966,1.541808,1.29731,1.104001
2016-09-02,1.924102,1.583071,1.552412,1.29851,1.107874
2016-09-06,1.929917,1.587855,1.566041,1.307698,1.111223
2016-09-07,1.929741,1.58771,1.567211,1.310254,1.110111
2016-09-08,1.925335,1.584085,1.558264,1.296878,1.109328
2016-09-09,1.879253,1.54617,1.520062,1.261758,1.108936
2016-09-12,1.906215,1.568354,1.533807,1.274504,1.123738
2016-09-13,1.878812,1.545808,1.508702,1.255214,1.107583
2016-09-14,1.878107,1.545228,1.511407,1.259174,1.107168
2016-09-15,1.896875,1.560669,1.522049,1.26547,1.118231
2016-09-16,1.889543,1.554636,1.518355,1.268876,1.113909
2016-09-19,1.889897,1.554928,1.522819,1.269488,1.112533
2016-09-20,1.889985,1.555001,1.524196,1.271125,1.112271
2016-09-21,1.911239,1.572487,1.546413,1.28416,1.123666
2016-09-22,1.923283,1.582397,1.560732,1.29862,1.122278
2016-09-23,1.912745,1.573726,1.553431,1.296771,1.122939
2016-09-26,1.897247,1.560975,1.545208,1.296928,1.123599
2016-09-27,1.909025,1.570666,1.550744,1.299794,1.123732
2016-09-28,1.918501,1.578462,1.557212,1.303141,1.128186
2016-09-29,1.901144,1.564181,1.543056,1.295302,1.117979
2016-09-30,1.91549,1.575985,1.546705,1.291702,1.115942
2016-10-03,1.910885,1.572196,1.541434,1.281622,1.115796
2016-10-04,1.901144,1.564181,1.525464,1.259896,1.114878
2016-10-05,1.909557,1.571103,1.526618,1.252223,1.114221
2016-10-06,1.910885,1.572196,1.52281,1.248294,1.113882
2016-10-07,1.904332,1.566805,1.518326,1.246953,1.110062
2016-10-10,1.91425,1.574965,1.526127,1.253623,1.108429
2016-10-11,1.890074,1.555074,1.507168,1.241498,1.108298
2016-10-12,1.892554,1.557114,1.50897,1.246556,1.108298
2016-10-13,1.886354,1.552013,1.506369,1.249338,1.10869
2016-10-14,1.887328,1.552815,1.502038,1.245665,1.108154
2016-10-17,1.880775,1.547423,1.502006,1.246544,1.104306
2016-10-18,1.892554,1.557114,1.51407,1.255457,1.111222
2016-10-19,1.897601,1.561267,1.518687,1.258718,1.114186
2016-10-20,1.89406,1.558353,1.516475,1.255989,1.112106
2016-10-21,1.894945,1.559081,1.516429,1.256317,1.111256
2016-10-24,1.903003,1.565711,1.520677,1.261367,1.110863
2016-10-25,1.896626,1.560465,1.519682,1.262451,1.110863
2016-10-26,1.89282,1.557333,1.508437,1.251742,1.110471
2016-10-27,1.887772,1.553179,1.496423,1.239664,1.110733
2016-10-28,1.882192,1.548589,1.494262,1.239994,1.106339
2016-10-31,1.88228,1.548661,1.500738,1.24756,1.106391
2016-11-01,1.868643,1.537441,1.490492,1.238073,1.098375
2016-11-02,1.857397,1.528188,1.481455,1.232895,1.091764
2016-11-03,1.848895,1.521193,1.47467,1.232078,1.086767
2016-11-04,1.846858,1.519518,1.476618,1.227737,1.08557
2016-11-07,1.887594,1.553033,1.497174,1.244201,1.109514
2016-11-08,1.896096,1.560028,1.500831,1.247011,1.114511
2016-11-09,1.916198,1.576568,1.49123,1.237611,1.111953
2016-11-10,1.92098,1.580502,1.475789,1.220776,1.111559
2016-11-11,1.916553,1.576859,1.471645,1.203092,1.111559
2016-11-14,1.918058,1.578097,1.473063,1.197115,1.109854
2016-11-15,1.933024,1.590411,1.483627,1.211727,1.110247
2016-11-16,1.929393,1.587424,1.483382,1.206413,1.110116
2016-11-17,1.939311,1.595584,1.481194,1.206994,1.109985
2016-11-18,1.934973,1.592015,1.478226,1.200709,1.109329
2016-11-21,1.949584,1.604036,1.485746,1.20916,1.109198
2016-11-22,1.953392,1.607169,1.49554,1.215923,1.108936
2016-11-23,1.954455,1.608044,1.487869,1.203767,1.108279
2016-11-25,1.961716,1.614018,1.491413,1.204935,1.108148
2016-11-28,1.952506,1.60644,1.492814,1.208888,1.108804
2016-11-29,1.956315,1.609574,1.496095,1.208367,1.108936
2016-11-30,1.951621,1.605712,1.483531,1.202677,1.108542
2016-12-01,1.944448,1.59981,1.469806,1.195708,1.108017
2016-12-02,1.945422,1.600611,1.474961,1.19575,1.109198
2016-12-05,1.957112,1.61023,1.484735,1.208287,1.114754
2016-12-06,1.963311,1.61533,1.489561,1.21608,1.118285
2016-12-07,1.988992,1.636459,1.504075,1.23216,1.117564
2016-12-08,1.993863,1.640467,1.510712,1.241449,1.117432
2016-12-09,2.005906,1.650376,1.511619,1.242595,1.117299
2016-12-12,2.003604,1.648482,1.510316,1.234999,1.116903
2016-12-13,2.016976,1.659483,1.516621,1.24236,1.116771
2016-12-14,2.000327,1.645786,1.495257,1.221456,1.114655
2016-12-15,2.008564,1.652562,1.493983,1.226869,1.114126
2016-12-16,2.004635,1.649329,1.496985,1.223465,1.114655
2016-12-19,2.008999,1.65292,1.500409,1.224239,1.115184
2016-12-20,2.016749,1.659297,1.504484,1.230676,1.115316
2016-12-21,2.011138,1.65468,1.497051,1.225153,1.115845
2016-12-22,2.007663,1.651821,1.490543,1.216071,1.116123
2016-12-23,2.010604,1.65424,1.495018,1.2212,1.116123
2016-12-27,2.015592,1.658345,1.503536,1.225817,1.117776
2016-12-28,1.998934,1.644639,1.498942,1.221339,1.108538
2016-12-29,1.998488,1.644272,1.508043,1.228299,1.108612
2016-12-30,1.991184,1.638263,1.50449,1.222327,1.109006
2017-01-03,2.006417,1.650795,1.511515,1.232356,1.116381
2017-01-04,2.018353,1.660616,1.524061,1.244389,1.123022
2017-01-05,2.016749,1.659297,1.532903,1.241377,1.12213
2017-01-06,2.023965,1.665234,1.530083,1.240816,1.120078
2017-01-09,2.017284,1.659737,1.527218,1.230468,1.121007
2017-01-10,2.017284,1.659737,1.528644,1.232551,1.120609
2017-01-11,2.022985,1.664427,1.534708,1.238937,1.12114
2017-01-12,2.017908,1.66025,1.537317,1.240774,1.117205
2017-01-13,2.022539,1.66406,1.539092,1.24394,1.115559
2017-01-17,2.015414,1.658198,1.540393,1.236588,1.116351
2017-01-18,2.019868,1.661862,1.535395,1.235215,1.115294
2017-01-19,2.012385,1.655706,1.528741,1.229023,1.114898
2017-01-20,2.019778,1.661789,1.535178,1.237341,1.115559
2017-01-23,2.014523,1.657465,1.541362,1.23455,1.116616
2017-01-24,2.027439,1.668092,1.546262,1.244527,1.115955
2017-01-25,2.044988,1.682531,1.548996,1.249417,1.115691
2017-01-26,2.042849,1.680771,1.546303,1.249156,1.115823
2017-01-27,2.039643,1.678133,1.543511,1.243661,1.116351
2017-01-30,2.026994,1.667726,1.534636,1.232938,1.116351
2017-01-31,2.026815,1.667579,1.541812,1.23814,1.115136
2017-02-01,2.027617,1.668239,1.541954,1.242514,1.115578
2017-02-02,2.028953,1.669338,1.545546,1.242832,1.116313
2017-02-03,2.042939,1.680845,1.553761,1.251442,1.1148
2017-02-06,2.039287,1.67784,1.551409,1.244686,1.115988
2017-02-07,2.039376,1.677913,1.548162,1.238923,1.115724
2017-02-08,2.042048,1.680112,1.553374,1.2423,1.11678
2017-02-09,2.054163,1.690079,1.559625,1.252092,1.122289
2017-02-10,2.062269,1.696749,1.568762,1.263587,1.121034
2017-02-13,2.073493,1.705983,1.569384,1.261286,1.120768
2017-02-14,2.081777,1.712799,1.570827,1.263653,1.119972
2017-02-15,2.092645,1.72174,1.576984,1.270105,1.119574
2017-02-16,2.090863,1.720274,1.576928,1.264729,1.120105
2017-02-17,2.09416,1.722987,1.575962,1.261906,1.1209
2017-02-21,2.10663,1.733247,1.584841,1.269271,1.121034
2017-02-22,2.10476,1.731708,1.583087,1.266561,1.121299
2017-02-23,2.106185,1.732881,1.585165,1.265505,1.121829
2017-02-24,2.108858,1.73508,1.583701,1.259413,1.122359
2017-02-27,2.112154,1.737791,1.585275,1.261122,1.121431
2017-02-28,2.106452,1.733101,1.578449,1.252192,1.1209
2017-03-01,2.135937,1.75736,1.592092,1.268164,1.120025
2017-03-02,2.122487,1.746293,1.576042,1.253319,1.11883
2017-03-03,2.123822,1.747392,1.579192,1.256981,1.119095
2017-03-06,2.117498,1.742189,1.573832,1.253402,1.119361
2017-03-07,2.111173,1.736985,1.567747,1.250406,1.114899
2017-03-08,2.107254,1.73376,1.55463,1.244476,1.112829
2017-03-09,2.109926,1.735959,1.547876,1.23986,1.11424
2017-03-10,2.11732,1.742042,1.55204,1.248047,1.118145
2017-03-13,2.118389,1.742922,1.556897,1.255524,1.118709
2017-03-14,2.110282,1.736251,1.550266,1.250121,1.117457
2017-03-15,2.128544,1.751277,1.573199,1.270018,1.11958
2017-03-16,2.124357,1.747832,1.575257,1.272867,1.118785
2017-03-17,2.120626,1.744762,1.577796,1.27366,1.119314
2017-03-20,2.1183,1.742848,1.579368,1.277153,1.119979
2017-03-21,2.091102,1.720471,1.565016,1.253992,1.104479
2017-03-22,2.096023,1.72452,1.568058,1.258929,1.107078
2017-03-23,2.093787,1.72268,1.569774,1.260418,1.105897
2017-03-24,2.092266,1.721429,1.571971,1.26265,1.105093
2017-03-27,2.090118,1.719662,1.571482,1.262946,1.103959
2017-03-28,2.105328,1.732175,1.578363,1.269967,1.111992
2017-03-29,2.107296,1.733795,1.583886,1.274045,1.113032
2017-03-30,2.114006,1.739315,1.584326,1.275726,1.111656
2017-03-31,2.109085,1.735267,1.584355,1.273117,1.111787
2017-04-03,2.105417,1.732249,1.583467,1.270754,1.112814
2017-04-04,2.106759,1.733353,1.586119,1.271143,1.11242
2017-04-05,2.100497,1.728201,1.581497,1.26333,1.108001
2017-04-06,2.106401,1.733059,1.584517,1.266726,1.111115
2017-04-07,2.104254,1.731292,1.584908,1.265566,1.109983
2017-04-10,2.105506,1.732322,1.587287,1.264945,1.110643
2017-04-11,2.103002,1.730262,1.592874,1.26551,1.110584
2017-04-12,2.093787,1.72268,1.590311,1.260127,1.111373
2017-04-13,2.080188,1.711491,1.585281,1.252536,1.111898
2017-04-17,2.098617,1.726654,1.594977,1.265269,1.120637
2017-04-18,2.092355,1.721502,1.591415,1.259389,1.117293
2017-04-19,2.088507,1.718336,1.584511,1.258939,1.115239
2017-04-20,2.105506,1.732322,1.593947,1.272986,1.113991
2017-04-21,2.098797,1.726802,1.59082,1.271933,1.109327
2017-04-24,2.121879,1.745793,1.601548,1.288378,1.107039
2017-04-25,2.134225,1.755951,1.609026,1.299428,1.105992
2017-04-26,2.132883,1.754847,1.606748,1.299426,1.106385
2017-04-27,2.134673,1.756319,1.605651,1.301363,1.106777
2017-04-28,2.13002,1.752492,1.600964,1.296963,1.107301
2017-05-01,2.135388,1.756908,1.606132,1.305779,1.106541
2017-05-02,2.136193,1.75757,1.60521,1.307432,1.106934
2017-05-03,2.133599,1.755436,1.596792,1.300444,1.106148
2017-05-04,2.136104,1.757497,1.589871,1.295168,1.106018
2017-05-05,2.144514,1.764416,1.602787,1.303099,1.10641
2017-05-08,2.144156,1.764122,1.597963,1.302126,1.105886
2017-05-09,2.142188,1.762503,1.598449,1.308959,1.105362
2017-05-10,2.146034,1.765667,1.607738,1.314818,1.105624
2017-05-11,2.141651,1.762061,1.605224,1.312379,1.10226
2017-05-12,2.138072,1.759116,1.605439,1.312861,1.100419
2017-05-15,2.149882,1.768833,1.614648,1.322115,1.106497
2017-05-16,2.147913,1.767213,1.615939,1.324535,1.105484
2017-05-17,2.109801,1.735856,1.595698,1.293877,1.105556
2017-05-18,2.1183,1.742848,1.596685,1.292058,1.105033
2017-05-19,2.132078,1.754185,1.613452,1.305138,1.111115
2017-05-22,2.142903,1.763091,1.621051,1.312165,1.116757
2017-05-23,2.147645,1.766993,1.622251,1.314467,1.115243
2017-05-24,2.152655,1.771115,1.626469,1.31847,1.115903
2017-05-25,2.162944,1.77958,1.625779,1.324623,1.115903
2017-05-26,2.162496,1.779211,1.626304,1.32687,1.115771
2017-05-30,2.160618,1.777666,1.619668,1.321442,1.116167
2017-05-31,2.160081,1.777224,1.61542,1.317439,1.116299
2017-06-01,2.177259,1.791357,1.625694,1.331351,1.12406
2017-06-02,2.184505,1.797319,1.638217,1.341538,1.127802
2017-06-05,2.182895,1.795995,1.634192,1.338127,1.12574
2017-06-06,2.175917,1.790253,1.633252,1.336151,1.12614
2017-06-07,2.179943,1.793566,1.635012,1.33778,1.12574
2017-06-08,2.181016,1.794449,1.637458,1.347017,1.125168
2017-06-09,2.177706,1.791725,1.6293,1.33469,1.123461
2017-06-12,2.177259,1.791357,1.627258,1.329231,1.122204
2017-06-13,2.187906,1.800117,1.635138,1.337225,1.122204
2017-06-14,2.185131,1.797834,1.631266,1.332545,1.119659
2017-06-15,2.180927,1.794375,1.623979,1.323717,1.118141
2017-06-16,2.181404,1.794768,1.624253,1.321455,1.11867
2017-06-19,2.199564,1.809709,1.633296,1.336469,1.126865
2017-06-20,2.184729,1.797504,1.622033,1.323546,1.119265
2017-06-21,2.184191,1.797061,1.624117,1.327779,1.118278
2017-06-22,2.183201,1.796247,1.626981,1.331598,1.11841
2017-06-23,2.185809,1.798392,1.633309,1.338616,1.118627
2017-06-26,2.187247,1.799575,1.63487,1.34137,1.119364
2017-06-27,2.169626,1.785077,1.622725,1.324101,1.117582
2017-06-28,2.189045,1.801054,1.636234,1.340629,1.11811
2017-06-29,2.169806,1.785225,1.619657,1.324555,1.107165
2017-06-30,2.173851,1.788554,1.620435,1.326063,1.10923
2017-07-03,2.177537,1.791586,1.620548,1.327671,1.11111
2017-07-05,2.182572,1.795729,1.622237,1.329586,1.113679
2017-07-06,2.162614,1.779308,1.606759,1.314469,1.11283
2017-07-07,2.176639,1.790847,1.616103,1.3243,1.112698
2017-07-10,2.178976,1.79277,1.62102,1.329453,1.113226
2017-07-11,2.177357,1.791438,1.626044,1.335628,1.113621
2017-07-12,2.19372,1.804901,1.64374,1.352953,1.114149
2017-07-13,2.197406,1.807934,1.647864,1.356549,1.113621
2017-07-14,2.207655,1.816366,1.659007,1.36657,1.114149
2017-07-17,2.207385,1.816144,1.657724,1.365757,1.11428
2017-07-18,2.208554,1.817105,1.660549,1.368982,1.114544
2017-07-19,2.220511,1.826943,1.671813,1.379991,1.114544
2017-07-20,2.221501,1.827758,1.673611,1.380393,1.114544
2017-07-21,2.219522,1.82613,1.670121,1.377796,1.115071
2017-07-24,2.218983,1.825686,1.67213,1.381912,1.114676
2017-07-25,2.224377,1.830124,1.674747,1.383772,1.114017
2017-07-26,2.224467,1.830198,1.678819,1.386516,1.112948
2017-07-27,2.222399,1.828497,1.671681,1.378157,1.111571
2017-07-28,2.219792,1.826351,1.670315,1.376337,1.112229
2017-07-31,2.218533,1.825316,1.668733,1.373462,1.110487
2017-08-01,2.223478,1.829385,1.673718,1.376749,1.112962
2017-08-02,2.224557,1.830272,1.672223,1.373397,1.113502
2017-08-03,2.220242,1.826722,1.666174,1.367456,1.112784
2017-08-04,2.224287,1.83005,1.670486,1.37217,1.112388
2017-08-07,2.228422,1.833453,1.675812,1.37894,1.112784
2017-08-08,2.222938,1.828941,1.672528,1.376808,1.112784
2017-08-09,2.222849,1.828867,1.66864,1.36809,1.112651
2017-08-10,2.191472,1.803052,1.63889,1.339219,1.113046
2017-08-11,2.194709,1.805714,1.642836,1.344304,1.113577
2017-08-14,2.216465,1.823615,1.655621,1.361465,1.124616
2017-08-15,2.216196,1.823393,1.6523,1.358569,1.124479
2017-08-16,2.220062,1.826574,1.657015,1.364182,1.12402
2017-08-17,2.185449,1.798096,1.63615,1.340774,1.124285
2017-08-18,2.182032,1.795285,1.643447,1.344244,1.124152
2017-08-21,2.18374,1.79669,1.640728,1.345015,1.124419
2017-08-22,2.206576,1.815478,1.655843,1.361716,1.135052
2017-08-23,2.198665,1.80897,1.657215,1.361518,1.130983
2017-08-24,2.19354,1.804753,1.656669,1.36301,1.128784
2017-08-25,2.198665,1.80897,1.660234,1.365994,1.129184
2017-08-28,2.198755,1.809043,1.661477,1.367713,1.128101
2017-08-29,2.201272,1.811114,1.661328,1.368791,1.129392
2017-08-30,2.211701,1.819695,1.665667,1.377787,1.12853
2017-08-31,2.225006,1.830642,1.683356,1.387941,1.12853
2017-09-01,2.228153,1.833231,1.687769,1.393329,1.128291
2017-09-05,2.21215,1.820064,1.679703,1.37951,1.129358
2017-09-06,2.219702,1.826278,1.685944,1.386733,1.129224
2017-09-07,2.219432,1.826056,1.691974,1.395014,1.129891
2017-09-08,2.216825,1.823911,1.68523,1.387968,1.129624
2017-09-11,2.24047,1.843365,1.69533,1.40311,1.128557
2017-09-12,2.248021,1.849577,1.700039,1.405162,1.131232
2017-09-13,2.2491,1.850465,1.697905,1.400789,1.129834
2017-09-14,2.248381,1.849874,1.698475,1.400112,1.129967
2017-09-15,2.251408,1.852364,1.702187,1.404907,1.129834
2017-09-18,2.256197,1.856304,1.702634,1.406556,1.129165
2017-09-19,2.258455,1.858162,1.705001,1.410588,1.129299
2017-09-20,2.259268,1.858831,1.703585,1.405953,1.128363
2017-09-21,2.253215,1.853851,1.697893,1.402123,1.128096
2017-09-22,2.253666,1.854222,1.700156,1.400447,1.128363
2017-09-25,2.249059,1.850431,1.69857,1.384948,1.129032
2017-09-26,2.250414,1.851546,1.694055,1.383883,1.128583
2017-09-27,2.259177,1.858757,1.698007,1.386721,1.132978
2017-09-28,2.261888,1.860987,1.699792,1.387473,1.134337
2017-09-29,2.269839,1.867528,1.704685,1.398846,1.132934
2017-10-02,2.279687,1.875631,1.705113,1.398958,1.133781
2017-10-03,2.284566,1.879645,1.712351,1.407898,1.13311
2017-10-04,2.287276,1.881875,1.711823,1.406747,1.135258
2017-10-05,2.300829,1.893025,1.722222,1.416124,1.132841
2017-10-06,2.298208,1.890869,1.715782,1.413737,1.132438
2017-10-09,2.294414,1.887748,1.713882,1.410938,1.132438
2017-10-10,2.300467,1.892728,1.724576,1.417283,1.132707
2017-10-11,2.304081,1.895702,1.72825,1.420499,1.133354
2017-10-12,2.300648,1.892877,1.726337,1.419083,1.131665
2017-10-13,2.303449,1.895181,1.734185,1.42435,1.131205
2017-10-16,2.306521,1.897709,1.735661,1.425264,1.130132
2017-10-17,2.308147,1.899047,1.732793,1.422056,1.130266
2017-10-18,2.310405,1.900904,1.735437,1.42487,1.129863
2017-10-19,2.311038,1.901425,1.729696,1.418196,1.130534
2017-10-20,2.322965,1.911238,1.73547,1.4234,1.129863
2017-10-23,2.313929,1.903804,1.727359,1.412967,1.129863
2017-10-24,2.317995,1.907149,1.732362,1.414745,1.129595
2017-10-25,2.306521,1.897709,1.727059,1.409657,1.129327
2017-10-26,2.309502,1.900162,1.726401,1.405959,1.129327
2017-10-27,2.328385,1.915698,1.74542,1.429654,1.130132
2017-10-30,2.319712,1.908562,1.741497,1.422703,1.130668
2017-10-31,2.323326,1.911535,1.74976,1.432293,1.129998
2017-11-01,2.326398,1.914063,1.750103,1.431446,1.129837
2017-11-02,2.327301,1.914806,1.754971,1.432568,1.130105
2017-11-03,2.335071,1.921199,1.757287,1.434378,1.129434
2017-11-06,2.338685,1.924172,1.768481,1.441913,1.130105
2017-11-07,2.337059,1.922834,1.763399,1.433367,1.129569
2017-11-08,2.341034,1.926105,1.768002,1.438199,1.129434
2017-11-09,2.332542,1.919118,1.762588,1.43102,1.1293
2017-11-10,2.331819,1.918523,1.76034,1.42858,1.128898
2017-11-13,2.333987,1.920307,1.759864,1.428269,1.128763
2017-11-14,2.328566,1.915847,1.751897,1.422043,1.125013
2017-11-15,2.316911,1.906257,1.743132,1.415457,1.123488
2017-11-16,2.336607,1.922462,1.760564,1.43824,1.123621
2017-11-17,2.32974,1.916813,1.763332,1.440983,1.119195
2017-11-20,2.333715,1.920083,1.764487,1.446565,1.121105
2017-11-21,2.348984,1.932646,1.780369,1.463285,1.119717
2017-11-22,2.346907,1.930936,1.782289,1.464463,1.12065
2017-11-24,2.352328,1.935397,1.786565,1.465424,1.12065
2017-11-27,2.351153,1.93443,1.778609,1.456549,1.12065
2017-11-28,2.375006,1.954055,1.787139,1.469053,1.120783
2017-11-29,2.37356,1.952866,1.776697,1.454396,1.120517
2017-11-30,2.39434,1.969963,1.778284,1.45404,1.119851
2017-12-01,2.389371,1.965874,1.775989,1.447258,1.120104
2017-12-04,2.38648,1.963495,1.768056,1.440437,1.119437
2017-12-05,2.377896,1.956434,1.762917,1.439403,1.119303
2017-12-06,2.378348,1.956805,1.756674,1.434121,1.118396
2017-12-07,2.385847,1.962975,1.757393,1.438355,1.121923
2017-12-08,2.398857,1.973679,1.764807,1.448621,1.128041
2017-12-11,2.406085,1.979626,1.767616,1.456028,1.126376
2017-12-12,2.410331,1.98312,1.765417,1.45274,1.126376
2017-12-13,2.410061,1.982897,1.772678,1.461345,1.127583
2017-12-14,2.400213,1.974794,1.768036,1.454734,1.127181
2017-12-15,2.4202,1.991239,1.777455,1.461154,1.126644
2017-12-18,2.435547,2.003866,1.788887,1.476501,1.132662
2017-12-19,2.426194,1.996171,1.77844,1.469178,1.128312
2017-12-20,2.424922,1.995124,1.775593,1.468451,1.127317
2017-12-21,2.429917,1.999234,1.779675,1.473475,1.127237
2017-12-22,2.429281,1.99871,1.784744,1.478332,1.125814
2017-12-26,2.426375,1.99632,1.789206,1.475106,1.124554
2017-12-27,2.427556,1.997291,1.794492,1.477351,1.12509
2017-12-28,2.432551,2.001401,1.800279,1.481612,1.12628
2017-12-29,2.423378,1.993854,1.800009,1.481224,1.122033
2018-01-02,2.440723,2.008125,1.812575,1.502855,1.120509
2018-01-03,2.456162,2.020827,1.819965,1.514927,1.120509
2018-01-04,2.466514,2.029344,1.822207,1.523845,1.119975
2018-01-05,2.482951,2.042868,1.827468,1.53615,1.119975
2018-01-08,2.487491,2.046603,1.829657,1.538001,1.119975
2018-01-09,2.493121,2.051236,1.824808,1.537765,1.119573
2018-01-10,2.489307,2.048098,1.821073,1.532336,1.119975
2018-01-11,2.507469,2.063041,1.830746,1.542509,1.119573
2018-01-12,2.523816,2.07649,1.840902,1.556374,1.119439
2018-01-16,2.515188,2.069391,1.836645,1.552406,1.119306
2018-01-17,2.539163,2.089117,1.846209,1.567489,1.118905
2018-01-18,2.534894,2.085604,1.839493,1.567573,1.118638
2018-01-19,2.546427,2.095094,1.847134,1.5764,1.119039
2018-01-22,2.567132,2.112129,1.857268,1.587738,1.118504
2018-01-23,2.572581,2.116612,1.86795,1.596322,1.119173
2018-01-24,2.571582,2.11579,1.869863,1.598283,1.118905
2018-01-25,2.572671,2.116686,1.867779,1.59572,1.118638
2018-01-26,2.602457,2.141193,1.879052,1.615929,1.117969
2018-01-29,2.585204,2.126998,1.86436,1.600204,1.117568
2018-01-30,2.558686,2.10518,1.84894,1.584099,1.117702
2018-01-31,2.559958,2.106226,1.856846,1.590168,1.117702
2018-02-01,2.557051,2.103835,1.848601,1.580002,1.115315
2018-02-02,2.501386,2.058036,1.81698,1.545333,1.091036
2018-02-05,2.39677,1.971962,1.771801,1.485377,1.045405
2018-02-06,2.443993,2.010815,1.789105,1.524366,1.066003
2018-02-07,2.430734,1.999906,1.771353,1.496403,1.060219
2018-02-08,2.33956,1.924892,1.730337,1.445057,1.020452
2018-02-09,2.374704,1.953807,1.742646,1.463116,1.020285
2018-02-12,2.409576,1.982498,1.759832,1.486907,1.034247
2018-02-13,2.415568,1.987428,1.766367,1.491754,1.03682
2018-02-14,2.448169,2.014251,1.787381,1.522329,1.034295
2018-02-15,2.479408,2.039953,1.804281,1.545329,1.033923
2018-02-16,2.480135,2.040551,1.806302,1.543688,1.034171
2018-02-20,2.464607,2.027775,1.793817,1.532827,1.034047
2018-02-21,2.452347,2.017688,1.783808,1.528501,1.034171
2018-02-22,2.455525,2.020303,1.790542,1.531429,1.034477
2018-02-23,2.494666,2.052507,1.811495,1.554998,1.050966
2018-02-26,2.523634,2.07634,1.823775,1.571535,1.06317
2018-02-27,2.492122,2.050413,1.797755,1.542023,1.061342
2018-02-28,2.466877,2.029643,1.785325,1.526485,1.061597
2018-03-01,2.431007,2.000131,1.776429,1.508679,1.063074
2018-03-02,2.443539,2.010441,1.784344,1.517797,1.067491
2018-03-05,2.47178,2.033677,1.793263,1.526837,1.079829
2018-03-06,2.478047,2.038833,1.80404,1.536732,1.082567
2018-03-07,2.477138,2.038086,1.802526,1.538298,1.081484
2018-03-08,2.489125,2.047948,1.804328,1.542322,1.081743
2018-03-09,2.532442,2.083587,1.823418,1.566576,1.081225
2018-03-12,2.529264,2.080972,1.826456,1.5712,1.081743
2018-03-13,2.512918,2.067524,1.818142,1.55587,1.082003
2018-03-14,2.500022,2.056913,1.818635,1.557872,1.081873
2018-03-15,2.497299,2.054673,1.81451,1.555235,1.079612
2018-03-16,2.500007,2.056901,1.814152,1.55217,1.080783
2018-03-19,2.46618,2.02907,1.798058,1.531374,1.066159
2018-03-20,2.470375,2.032521,1.801168,1.538643,1.067973
2018-03-21,2.465633,2.02862,1.810983,1.540239,1.065923
2018-03-22,2.403999,1.97791,1.782636,1.500922,1.039278
2018-03-23,2.35276,1.935752,1.764943,1.472063,1.017126
2018-03-26,2.417128,1.988712,1.795556,1.515014,1.044954
2018-03-27,2.376009,1.954881,1.774484,1.485768,1.027177
2018-03-28,2.368989,1.949105,1.767981,1.480456,1.024142
2018-03-29,2.399259,1.974009,1.78688,1.504327,1.037228
2018-04-02,2.347472,1.931401,1.763095,1.473915,1.01484
2018-04-03,2.377559,1.956156,1.772972,1.48746,1.01334
2018-04-04,2.402997,1.977085,1.781401,1.497207,1.012733
2018-04-05,2.421961,1.992688,1.786561,1.504608,1.012975
2018-04-06,2.367986,1.948279,1.767599,1.478938,1.013825
2018-04-09,2.379656,1.957881,1.776444,1.486973,1.013704
2018-04-10,2.417493,1.989012,1.799702,1.512897,1.013218
2018-04-11,2.404821,1.978586,1.801192,1.508272,1.013218
2018-04-12,2.424605,1.994863,1.802887,1.516044,1.012611
2018-04-13,2.417493,1.989012,1.799982,1.508879,1.012368
2018-04-16,2.437369,2.005365,1.805867,1.514128,1.012246
2018-04-17,2.463446,2.02682,1.818048,1.52833,1.012246
2018-04-18,2.46527,2.02832,1.824998,1.536395,1.011396
2018-04-19,2.451593,2.017068,1.814656,1.526778,1.011396
2018-04-20,2.430805,1.999964,1.800474,1.510416,1.011033
2018-04-23,2.43044,1.999664,1.795577,1.504458,1.010911
2018-04-24,2.397709,1.972734,1.783452,1.48943,0.996286
2018-04-25,2.403635,1.97761,1.779284,1.485352,0.998749
2018-04-26,2.42807,1.997714,1.7935,1.505397,1.008902
2018-04-27,2.430349,1.999589,1.797687,1.5093,1.009849
2018-04-30,2.411658,1.984211,1.789826,1.500481,1.008475
2018-05-01,2.415943,1.987737,1.788328,1.50198,1.008027
2018-05-02,2.399715,1.974385,1.783587,1.494559,1.00839
2018-05-03,2.394426,1.970033,1.784759,1.49656,1.009118
2018-05-04,2.425426,1.995539,1.800415,1.511699,1.008754
2018-05-07,2.433632,2.002291,1.80406,1.512671,1.011158
2018-05-08,2.433632,2.002291,1.807334,1.516422,1.010269
2018-05-09,2.457155,2.021644,1.816945,1.527472,1.009783
2018-05-10,2.480131,2.040548,1.833625,1.54593,1.009783
2018-05-11,2.487698,2.046773,1.832961,1.541423,1.009783
2018-05-14,2.488883,2.047749,1.834177,1.54669,1.009783
2018-05-15,2.471743,2.033646,1.818275,1.530908,1.009176
2018-05-16,2.482136,2.042197,1.829106,1.544799,1.009176
2018-05-17,2.480039,2.040473,1.825935,1.535528,1.007315
2018-05-18,2.473839,2.035371,1.821387,1.528869,1.004796
2018-05-21,2.492439,2.050674,1.831902,1.538757,1.003792
2018-05-22,2.48551,2.044974,1.829649,1.540419,0.999998
2018-05-23,2.492348,2.0506,1.831627,1.547338,0.99984
2018-05-24,2.487242,2.046398,1.829428,1.54105,1.000439
2018-05-25,2.481315,2.041522,1.823311,1.536093,1.00128
2018-05-29,2.452778,2.018043,1.804948,1.517089,1.004163
2018-05-30,2.48551,2.044974,1.824004,1.531241,1.016559
2018-05-31,2.470283,2.032446,1.817112,1.529276,1.010332
2018-06-01,2.494536,2.0524,1.828309,1.541027,1.020251
2018-06-04,2.506388,2.062151,1.834534,1.541857,1.025098
2018-06-05,2.508212,2.063652,1.835394,1.547503,1.025844
2018-06-06,2.529182,2.080905,1.847286,1.555993,1.024448
2018-06-07,2.528909,2.080681,1.840087,1.550989,1.025433
2018-06-08,2.536386,2.086832,1.842276,1.552286,1.025187
2018-06-11,2.539759,2.089607,1.844958,1.554167,1.024818
2018-06-12,2.543041,2.092308,1.845944,1.558962,1.024325
2018-06-13,2.534926,2.085631,1.84017,1.558926,1.023833
2018-06-14,2.541308,2.090882,1.84223,1.561152,1.024203
2018-06-15,2.538067,2.088215,1.828658,1.546848,1.024695
2018-06-18,2.532846,2.08392,1.826336,1.553456,1.024941
2018-06-19,2.523138,2.075932,1.817036,1.54667,1.02531
2018-06-20,2.527442,2.079473,1.823274,1.553891,1.026034
2018-06-21,2.511599,2.066438,1.811877,1.540636,1.019602
2018-06-22,2.516179,2.070206,1.822608,1.548005,1.021461
2018-06-25,2.481926,2.042025,1.800376,1.522033,1.007556
2018-06-26,2.487421,2.046545,1.804387,1.532062,1.009787
2018-06-27,2.466815,2.029592,1.788395,1.519577,1.001422
2018-06-28,2.480918,2.041195,1.796216,1.525195,1.007147
2018-06-29,2.48449,2.044134,1.805544,1.532037,1.008597
2018-07-02,2.489802,2.048504,1.796566,1.528294,1.010753
2018-07-03,2.481009,2.04127,1.79861,1.523841,1.010107
2018-07-05,2.501249,2.057923,1.812181,1.538872,1.009985
2018-07-06,2.522406,2.07533,1.825757,1.553547,1.010228
2018-07-09,2.545118,2.094017,1.837517,1.564136,1.009621
2018-07-10,2.554277,2.101552,1.836374,1.56096,1.0095
2018-07-11,2.535593,2.08618,1.812034,1.535788,1.009864
2018-07-12,2.558581,2.105094,1.826774,1.549815,1.009743
2018-07-13,2.560596,2.106751,1.826036,1.54962,1.009985
2018-07-16,2.558307,2.104867,1.816887,1.535459,1.009743
2018-07-17,2.568655,2.113381,1.818583,1.541458,1.009621
2018-07-18,2.574059,2.117828,1.82014,1.546548,1.0095
2018-07-19,2.564351,2.10984,1.81791,1.54701,1.009985
2018-07-20,2.56142,2.107429,1.821897,1.54847,1.009985
2018-07-23,2.566182,2.111347,1.821062,1.552585,1.009379
2018-07-24,2.579096,2.121972,1.82552,1.551936,1.013449
2018-07-25,2.601077,2.140057,1.84304,1.568019,1.022086
2018-07-26,2.59494,2.135008,1.83562,1.562908,1.021064
2018-07-27,2.577356,2.120541,1.824688,1.544057,1.021187
2018-07-30,2.563893,2.109464,1.81953,1.536466,1.021187
2018-07-31,2.576532,2.119863,1.829393,1.542643,1.0252
2018-08-01,2.572228,2.116321,1.823155,1.536802,1.023488
2018-08-02,2.586241,2.12785,1.825116,1.54979,1.029063
2018-08-03,2.597322,2.136967,1.832038,1.551791,1.028158
2018-08-06,2.606847,2.144804,1.832985,1.559624,1.028405
2018-08-07,2.615455,2.151887,1.841669,1.564478,1.028034
2018-08-08,2.614356,2.150983,1.83634,1.564424,1.028158
2018-08-09,2.610784,2.148043,1.834011,1.564734,1.028777
2018-08-10,2.593292,2.133652,1.816704,1.555795,1.029765
2018-08-13,2.583583,2.125664,1.806848,1.550245,1.024881
2018-08-14,2.600069,2.139228,1.815933,1.5619,1.03142
2018-08-15,2.580652,2.123253,1.792697,1.545111,1.023718
2018-08-16,2.601534,2.140433,1.80547,1.55575,1.032002
2018-08-17,2.610692,2.147968,1.815248,1.559918,1.035634
2018-08-20,2.616279,2.152565,1.819517,1.56202,1.037851
2018-08-21,2.622414,2.157613,1.827863,1.571137,1.036564
2018-08-22,2.620858,2.156332,1.834689,1.574146,1.036813
2018-08-23,2.617378,2.153469,1.825942,1.571102,1.036689
2018-08-24,2.63313,2.166429,1.841243,1.581974,1.036813
2018-08-27,2.65392,2.183534,1.853632,1.592281,1.043962
2018-08-28,2.655203,2.18459,1.855693,1.593809,1.042542
2018-08-29,2.66949,2.196344,1.867012,1.604342,1.042416
2018-08-30,2.658682,2.187452,1.85359,1.600798,1.043168
2018-08-31,2.658774,2.187528,1.855553,1.603546,1.043418
2018-09-04,2.654194,2.18376,1.8407,1.597956,1.04318
2018-09-05,2.647052,2.177883,1.832558,1.588221,1.039329
2018-09-06,2.639083,2.171327,1.825026,1.57832,1.0362
2018-09-07,2.633955,2.167108,1.818066,1.574995,1.034187
2018-09-10,2.638535,2.170876,1.824252,1.578322,1.035985
2018-09-11,2.647235,2.178034,1.831339,1.584973,1.039401
2018-09-12,2.647876,2.178561,1.833333,1.582277,1.039653
2018-09-13,2.663537,2.191446,1.838925,1.591153,1.038738
2018-09-14,2.663995,2.191824,1.835944,1.591929,1.038363
2018-09-17,2.64989,2.180219,1.82758,1.575842,1.038113
2018-09-18,2.664269,2.192049,1.837595,1.585237,1.037989
2018-09-19,2.667108,2.194385,1.836024,1.583471,1.038057
2018-09-20,2.688722,2.212168,1.851385,1.598469,1.046469
2018-09-21,2.686266,2.210147,1.848669,1.592517,1.045171
2018-09-24,2.677342,2.202805,1.845018,1.590267,1.045171
2018-09-25,2.674858,2.200761,1.847884,1.591308,1.045297
2018-09-26,2.666854,2.194176,1.839426,1.585247,1.041124
2018-09-27,2.674305,2.200306,1.845127,1.591228,1.044033
2018-09-28,2.674582,2.200534,1.850798,1.592779,1.044141
2018-10-01,2.683874,2.208179,1.85177,1.588716,1.047768
2018-10-02,2.682309,2.206892,1.846283,1.588419,1.0471
2018-10-03,2.683781,2.208103,1.848499,1.594179,1.046595
2018-10-04,2.662806,2.190845,1.82635,1.574091,1.046342
2018-10-05,2.647903,2.178583,1.81553,1.563595,1.046216
2018-10-08,2.647903,2.178583,1.815135,1.558988,1.04517
2018-10-09,2.644038,2.175403,1.816292,1.563615,1.043645
2018-10-10,2.560319,2.106523,1.767844,1.513981,1.0106
2018-10-11,2.503925,2.060124,1.735115,1.489045,0.98834
2018-10-12,2.5387,2.088736,1.749801,1.513666,1.002066
2018-10-15,2.52444,2.077003,1.747644,1.505853,0.996437
2018-10-16,2.57964,2.122419,1.783207,1.533671,1.018226
2018-10-17,2.580099,2.122798,1.776621,1.529423,1.017207
2018-10-18,2.542841,2.092143,1.751262,1.50453,1.01782
2018-10-19,2.54146,2.091007,1.753582,1.506636,1.017207
2018-10-22,2.530052,2.081621,1.748112,1.507531,1.011624
2018-10-23,2.517173,2.071024,1.735085,1.492095,1.006474
2018-10-24,2.440906,2.008275,1.694744,1.450828,0.97598
2018-10-25,2.484697,2.044305,1.724022,1.478197,0.993489
2018-10-26,2.440997,2.00835,1.701739,1.460553,0.976016
2018-10-29,2.427474,1.997223,1.692664,1.442817,0.970609
2018-10-30,2.463445,2.026819,1.713179,1.455364,0.984992
2018-10-31,2.489757,2.048468,1.71846,1.465458,0.995512
2018-11-01,2.516253,2.070267,1.734886,1.473643,0.995069
2018-11-02,2.501348,2.065702,1.725393,1.470394,0.99387
2018-11-05,2.515149,2.066449,1.726111,1.470925,0.994229
2018-11-06,2.531064,2.06595,1.732443,1.470571,0.993989
2018-11-07,2.585252,2.065203,1.762023,1.470038,0.99363
2018-11-08,2.580559,2.064953,1.754597,1.469861,0.99351
2018-11-09,2.555352,2.06595,1.730027,1.470571,0.993989
2018-11-12,2.507605,2.067446,1.699242,1.471635,0.994709
2018-11-13,2.502913,2.067696,1.68577,1.471813,0.991853
2018-11-14,2.485801,2.06919,1.680302,1.472877,0.985072
2018-11-15,2.511745,2.070187,1.697237,1.473586,0.995353
2018-11-16,2.518276,2.071684,1.700508,1.474652,0.997941
2018-11-19,2.475681,2.073428,1.670892,1.475893,0.981062
2018-11-20,2.429866,2.07293,1.634935,1.475539,0.979845
2018-11-21,2.438145,2.07293,1.648546,1.475539,0.979845
2018-11-23,2.421862,2.072431,1.630394,1.475183,0.972321
2018-11-26,2.460961,2.07268,1.653552,1.475361,0.988019
2018-11-27,2.469242,2.07293,1.651303,1.475539,0.991343
2018-11-28,2.526096,2.073678,1.682944,1.476071,0.990709
2018-11-29,2.520576,2.074176,1.682277,1.476426,0.990947
2018-11-30,2.53594,2.074924,1.688164,1.476958,0.991304
2018-12-03,2.569519,2.073225,1.714826,1.475749,0.990493
2018-12-04,2.486261,2.003975,1.659464,1.439442,0.991208
2018-12-06,2.482489,2.000934,1.671133,1.456166,0.992163
2018-12-07,2.424806,1.954441,1.633134,1.429711,0.993237
2018-12-10,2.429406,1.958149,1.634359,1.426453,0.994128
2018-12-11,2.429958,1.958593,1.635578,1.426965,0.994354
2018-12-12,2.442194,1.968456,1.63883,1.419545,0.999361
2018-12-13,2.441366,1.967788,1.635383,1.423406,0.999323
2018-12-14,2.396286,1.931453,1.610516,1.408215,0.999923
2018-12-17,2.349275,1.893562,1.569362,1.367882,1.000883
2018-12-18,2.346699,1.891485,1.574956,1.374181,0.998785
2018-12-19,2.311555,1.863159,1.546869,1.356349,0.983827
2018-12-20,2.273929,1.832831,1.522785,1.335128,0.967813
2018-12-21,2.227337,1.795277,1.488007,1.312158,0.947983
2018-12-24,2.168484,1.74784,1.448485,1.271451,0.922934
2018-12-26,2.278046,1.83615,1.518911,1.324838,0.969565
2018-12-27,2.295535,1.850246,1.524827,1.329835,0.977009
2018-12-28,2.292574,1.847859,1.526464,1.33113,0.975748
2018-12-31,2.312655,1.864045,1.537038,1.338749,0.975123
2019-01-02,2.315061,1.865984,1.532815,1.324904,0.97524
2019-01-03,2.259817,1.867912,1.534399,1.326273,0.977223
2019-01-04,2.335511,1.8639,1.531103,1.323424,0.975123
2019-01-07,2.353925,1.862562,1.530004,1.322474,0.981837
2019-01-08,2.376041,1.861448,1.529089,1.321683,0.991061
2019-01-09,2.387146,1.862339,1.529821,1.322316,0.990545
2019-01-10,2.395567,1.862562,1.530004,1.322474,0.990663
2019-01-11,2.396492,1.863676,1.53092,1.323265,0.991256
2019-01-14,2.381871,1.863676,1.53092,1.323265,0.991256
2019-01-15,2.409169,1.864345,1.531469,1.32374,0.991612
2019-01-16,2.414999,1.8639,1.531103,1.323424,0.99302
2019-01-17,2.433321,1.863676,1.53092,1.323265,1.000554
2019-01-18,2.465709,1.862116,1.529638,1.322157,0.998715
2019-01-22,2.432395,1.863676,1.53092,1.323265,0.999552
2019-01-23,2.437485,1.86323,1.530553,1.322948,0.999313
2019-01-24,2.438781,1.864791,1.531835,1.324057,1.00015
2019-01-25,2.459416,1.863454,1.530737,1.323107,0.999433
2019-01-28,2.440724,1.863676,1.53092,1.323265,0.999552
2019-01-29,2.437485,1.864567,1.531651,1.323898,1.00003
2019-01-30,2.476073,1.86702,1.533666,1.32564,1.001346
2019-01-31,2.497818,1.868581,1.534948,1.326748,1.009139
2019-02-01,2.499022,1.866392,1.533151,1.325194,1.006947
2019-02-04,2.516603,1.866392,1.539507,1.325867,1.006947
2019-02-05,2.527152,1.866392,1.549341,1.332706,1.006947
2019-02-06,2.523821,1.867285,1.544675,1.328672,1.007429
2019-02-07,2.499762,1.868625,1.545422,1.338558,1.008152
2019-02-08,2.502816,1.869295,1.548631,1.341415,1.008514
2019-02-11,2.504203,1.868625,1.547528,1.340617,1.008064
2019-02-12,2.536405,1.868402,1.550602,1.3347,1.021027
2019-02-13,2.544641,1.867062,1.55166,1.335599,1.019274
2019-02-14,2.538996,1.869518,1.5569,1.341543,1.020615
2019-02-15,2.566666,1.868625,1.563392,1.347113,1.020127
2019-02-19,2.571107,1.869965,1.565624,1.348667,1.020859
2019-02-20,2.576289,1.869742,1.560788,1.342536,1.020737
2019-02-21,2.567128,1.869073,1.554727,1.337171,1.020372
2019-02-22,2.583044,1.870412,1.564712,1.345105,1.021103
2019-02-25,2.586561,1.870188,1.560963,1.337819,1.020981
2019-02-26,2.58471,1.871082,1.562476,1.339071,1.021468
2019-02-27,2.583599,1.870635,1.553647,1.328146,1.021225
2019-02-28,2.578786,1.870188,1.552051,1.327629,1.020981
2019-03-01,2.594888,1.868937,1.549253,1.319439,1.026335
2019-03-04,2.58545,1.86027,1.548594,1.324517,1.022602
2019-03-05,2.581934,1.85774,1.548456,1.326977,1.021702
2019-03-06,2.566294,1.846487,1.538457,1.324046,1.022435
2019-03-07,2.544826,1.83104,1.530748,1.320546,1.012859
2019-03-08,2.539737,1.827379,1.531209,1.322206,1.010834
2019-03-11,2.576566,1.853878,1.550956,1.336531,1.025492
2019-03-12,2.586282,1.860869,1.557588,1.344145,1.029359
2019-03-13,2.603402,1.873187,1.564165,1.348869,1.028453
2019-03-14,2.601737,1.871989,1.560377,1.345539,1.028699
2019-03-15,2.61459,1.881236,1.566729,1.351261,1.029067
2019-03-18,2.624071,1.888058,1.568864,1.349816,1.028821
2019-03-19,2.624721,1.888526,1.566753,1.34896,1.028699
2019-03-20,2.616821,1.882842,1.568676,1.35682,1.030172
2019-03-21,2.646378,1.904108,1.587518,1.372942,1.030172
2019-03-22,2.595445,1.867461,1.565509,1.36668,1.009315
2019-03-25,2.593493,1.866057,1.56696,1.367124,1.009387
2019-03-26,2.612824,1.879966,1.57633,1.37256,1.009267
2019-03-27,2.599162,1.870136,1.573427,1.372517,1.00298
2019-03-28,2.609014,1.877224,1.582305,1.379607,1.001858
2019-03-29,2.625465,1.889061,1.58708,1.38223,1.001263
2019-04-01,2.6566,1.911464,1.59382,1.381524,1.000238
2019-04-02,2.657902,1.9124,1.597189,1.386269,1.000714
2019-04-03,2.662084,1.915409,1.598048,1.389123,1.000238
2019-04-04,2.669148,1.920492,1.600734,1.389434,1.000476
2019-04-05,2.682067,1.929787,1.609589,1.397309,1.000357
2019-04-08,2.684112,1.931259,1.607184,1.396251,1.000118
2019-04-09,2.670357,1.921362,1.599802,1.389781,1.000238
2019-04-10,2.679465,1.927915,1.610681,1.398113,1.001072
2019-04-11,2.678721,1.92738,1.607304,1.396559,1.000476
2019-04-12,2.696846,1.940421,1.611287,1.403952,0.99988
2019-04-15,2.695079,1.93915,1.609253,1.40133,0.999999
2019-04-16,2.696846,1.940421,1.60204,1.392687,0.99988
2019-04-17,2.690246,1.935672,1.596656,1.388939,1.000238
2019-04-18,2.695545,1.939485,1.600872,1.393992,1.000476
2019-04-22,2.697869,1.941157,1.596152,1.390597,1.000595
2019-04-23,2.722125,1.95861,1.612802,1.406801,1.001072
2019-04-24,2.716085,1.954264,1.617076,1.40773,1.001669
2019-04-25,2.714411,1.953059,1.614363,1.408367,1.001669
2019-04-26,2.727052,1.962155,1.622935,1.414679,1.002741
2019-04-29,2.731327,1.965231,1.620382,1.411715,1.003311
2019-04-30,2.732721,1.966234,1.62128,1.412799,1.003023
2019-05-01,2.712181,1.951455,1.616326,1.408124,1.00214
2019-05-02,2.706325,1.947241,1.614525,1.405559,1.001661
2019-05-03,2.732815,1.966301,1.632672,1.421606,1.010464
2019-05-06,2.721568,1.958209,1.62955,1.415241,1.006305
2019-05-07,2.676118,1.925507,1.607914,1.389644,1.005779
2019-05-08,2.672401,1.922833,1.603357,1.387346,1.005659
2019-05-09,2.664315,1.917015,1.601632,1.384644,1.001611
2019-05-10,2.677698,1.926644,1.607515,1.392478,1.006642
2019-05-13,2.610407,1.878227,1.580227,1.364225,0.981344
2019-05-14,2.634015,1.895213,1.590771,1.375006,0.990219
2019-05-15,2.649445,1.906315,1.602274,1.387269,0.99602
2019-05-16,2.673982,1.92397,1.610672,1.398045,1.005244
2019-05-17,2.656694,1.911531,1.600903,1.389369,1.004479
2019-05-20,2.639127,1.898891,1.585871,1.371795,1.004001
2019-05-21,2.662921,1.916012,1.598514,1.384602,1.003523
2019-05-22,2.654742,1.910126,1.596212,1.382503,0.999438
2019-05-23,2.622305,1.886788,1.585174,1.370873,0.987226
2019-05-24,2.628254,1.891068,1.589952,1.373084,0.985887
2019-05-28,2.603809,1.873479,1.582416,1.362584,0.975732
2019-05-29,2.586336,1.860907,1.571793,1.349757,0.969184
2019-05-30,2.593399,1.86599,1.577123,1.35476,0.971831
2019-05-31,2.558453,1.840845,1.569201,1.344085,0.958735
2019-06-03,2.551946,1.836164,1.565448,1.334163,0.956297
2019-06-04,2.607341,1.833025,1.578435,1.339178,0.977055
2019-06-05,2.629926,1.833892,1.590792,1.349291,0.985519
2019-06-06,2.647027,1.832807,1.598585,1.355179,0.98395
2019-06-07,2.673516,1.83476,1.615247,1.369492,0.984999
2019-06-10,2.685785,1.833025,1.61669,1.369029,0.984067
2019-06-11,2.685135,1.832373,1.618485,1.371166,0.983717
2019-06-12,2.680394,1.833892,1.617106,1.370415,0.984533
2019-06-13,2.691455,1.835845,1.624282,1.376638,0.985581
2019-06-14,2.68848,1.835193,1.623355,1.376098,0.983506
2019-06-17,2.689503,1.834326,1.631007,1.384572,0.98388
2019-06-18,2.717664,1.834544,1.642841,1.393134,0.983013
2019-06-19,2.723799,1.838449,1.648121,1.398056,0.985106
2019-06-20,2.749823,1.839316,1.659059,1.405975,0.98557
2019-06-21,2.745826,1.838449,1.647438,1.393525,0.985106
2019-06-24,2.742463,1.839533,1.648603,1.395408,0.985686
2019-06-25,2.715565,1.839967,1.632665,1.381983,0.985919
2019-06-26,2.712858,1.837797,1.62339,1.371974,0.98395
2019-06-27,2.722476,1.839316,1.634464,1.382831,0.987439
2019-06-28,2.736486,1.839316,1.638223,1.3847,0.99252
2019-07-01,2.76133,1.838143,1.646323,1.389638,0.990894
2019-07-02,2.76852,1.841091,1.658173,1.410701,0.99148
2019-07-03,2.790655,1.855811,1.667926,1.420437,0.991715
2019-07-05,2.787479,1.853699,1.657028,1.407193,0.989723
2019-07-08,2.772163,1.843513,1.650919,1.406489,0.989254
2019-07-09,2.775619,1.845812,1.652195,1.409518,0.988902
2019-07-10,2.78888,1.854631,1.662288,1.417056,0.992638
2019-07-11,2.795419,1.858979,1.653894,1.40062,0.994965
2019-07-12,2.807934,1.867301,1.658202,1.403453,0.994088
2019-07-15,2.808867,1.867922,1.661319,1.405782,0.994324
2019-07-16,2.799808,1.861898,1.654754,1.39932,0.99397
2019-07-17,2.780756,1.849228,1.656593,1.410468,0.994911
2019-07-18,2.790935,1.855997,1.663248,1.417141,0.997558
2019-07-19,2.775432,1.845687,1.650353,1.401368,0.992017
2019-07-22,2.78225,1.850221,1.653312,1.401758,0.994454
2019-07-23,2.802142,1.86345,1.658352,1.401862,1.001564
2019-07-24,2.815313,1.872208,1.664115,1.406639,1.006272
2019-07-25,2.801863,1.863264,1.651997,1.398325,1.004671
2019-07-26,2.820635,1.875748,1.658997,1.402317,1.00479
2019-07-29,2.815498,1.872332,1.660109,1.406843,1.00479
2019-07-30,2.808587,1.867736,1.657194,1.413314,1.004908
2019-07-31,2.77786,1.847302,1.64472,1.409076,1.00479
2019-08-01,2.75367,1.831216,1.646548,1.429687,0.995035
2019-08-02,2.732937,1.817428,1.64213,1.43458,0.987543
2019-08-05,2.650748,1.762772,1.624447,1.440111,0.957845
2019-08-06,2.68792,1.787491,1.642388,1.453168,0.971277
2019-08-07,2.689509,1.788548,1.652654,1.465404,0.971851
2019-08-08,2.742276,1.823638,1.67451,1.477489,0.990918
2019-08-09,2.723597,1.811217,1.666896,1.474277,0.989343
2019-08-12,2.690442,1.789168,1.668316,1.487991,0.990393
2019-08-13,2.732284,1.816993,1.678164,1.484047,0.989227
2019-08-14,2.651496,1.763269,1.662963,1.491053,0.958988
2019-08-15,2.6585,1.767927,1.672683,1.504837,0.961522
2019-08-16,2.697727,1.794013,1.681615,1.502777,0.975709
2019-08-19,2.730229,1.815627,1.684707,1.493379,0.987464
2019-08-20,2.709308,1.801714,1.683241,1.498886,0.987174
2019-08-21,2.73135,1.816372,1.687063,1.496057,0.986246
2019-08-22,2.73051,1.815814,1.684318,1.493766,0.985781
2019-08-23,2.660369,1.769169,1.672416,1.504721,0.987406
2019-08-26,2.689789,1.788734,1.682442,1.506634,0.986942
2019-08-27,2.679233,1.781714,1.68786,1.51775,0.982082
2019-08-28,2.698101,1.794262,1.69204,1.518642,0.988998
2019-08-29,2.732564,1.81718,1.700458,1.517028,0.987544
2019-08-30,2.73135,1.816372,1.69897,1.516251,0.987892
2019-09-03,2.715379,1.805751,1.702241,1.528979,0.98866
2019-09-04,2.746199,1.826247,1.716505,1.53719,0.989474
2019-09-05,2.781503,1.849725,1.710265,1.511903,1.001205
2019-09-06,2.78365,1.851153,1.710479,1.512328,1.001978
2019-09-09,2.785052,1.852085,1.700935,1.499062,0.999913
2019-09-10,2.784398,1.85165,1.68749,1.48087,0.998263
2019-09-11,2.804198,1.864817,1.694873,1.483522,0.998263
2019-09-12,2.813911,1.871276,1.697735,1.483929,0.998027
2019-09-13,2.812043,1.870034,1.682605,1.463982,0.996377
2019-09-16,2.803357,1.864258,1.690098,1.478535,0.997202
2019-09-17,2.810456,1.868979,1.698736,1.487516,0.997673
2019-09-18,2.812136,1.870096,1.696941,1.484806,0.997272
2019-09-19,2.811949,1.869972,1.701081,1.490054,0.997206
2019-09-20,2.798664,1.861137,1.70439,1.502486,0.99727
2019-09-23,2.798007,1.8607,1.706844,1.505987,0.997859
2019-09-24,2.776052,1.846099,1.704794,1.513578,0.989031
2019-09-25,2.792471,1.857019,1.699989,1.497822,0.994881
2019-09-26,2.786655,1.853151,1.702977,1.505088,0.992808
2019-09-27,2.771642,1.843167,1.694107,1.500951,0.98746
2019-09-30,2.784496,1.851715,1.695057,1.495271,0.986939
2019-10-01,2.751375,1.829689,1.687936,1.494795,0.974212
2019-10-02,2.702773,1.797369,1.679508,1.499725,0.957003
2019-10-03,2.724916,1.812094,1.693783,1.511387,0.964844
2019-10-04,2.761789,1.836615,1.707899,1.518145,0.9779
2019-10-07,2.749874,1.828691,1.698919,1.508553,0.973681
2019-10-08,2.707183,1.800301,1.690654,1.51166,0.97328
2019-10-09,2.732891,1.817397,1.696222,1.510254,0.972708
2019-10-10,2.751375,1.829689,1.693677,1.499174,0.978314
2019-10-11,2.779899,1.848658,1.695337,1.490006,0.988456
2019-10-14,2.776802,1.846599,1.698888,1.495813,0.987584
2019-10-15,2.804293,1.86488,1.700535,1.486953,0.987352
2019-10-16,2.79979,1.861886,1.701544,1.490449,0.987817
2019-10-17,2.808047,1.867377,1.705332,1.493201,0.987817
2019-10-18,2.795755,1.859202,1.702815,1.496491,0.988167
2019-10-21,2.814707,1.871806,1.706552,1.494158,0.987701
2019-10-22,2.805513,1.865692,1.704712,1.497067,0.988051
2019-10-23,2.813676,1.87112,1.708261,1.499846,0.987934
2019-10-24,2.818274,1.874178,1.713027,1.50114,0.987934
2019-10-25,2.829814,1.881852,1.713368,1.495593,0.987352
2019-10-28,2.845765,1.89246,1.710541,1.483752,0.987002
2019-10-29,2.844921,1.891898,1.70915,1.485718,0.987235
2019-10-30,2.853646,1.897701,1.719968,1.497473,0.987817
2019-10-31,2.846046,1.892646,1.72667,1.508299,0.989565
2019-11-01,2.872411,1.91018,1.732185,1.507104,0.988981
2019-11-04,2.883952,1.917854,1.733189,1.495531,0.988281
2019-11-05,2.880761,1.915732,1.724548,1.473392,0.987581
2019-11-06,2.881419,1.91617,1.724782,1.479538,0.988165
2019-11-07,2.891552,1.922908,1.719673,1.458028,0.986997
2019-11-08,2.898683,1.927651,1.716777,1.451719,0.987114
2019-11-11,2.893147,1.923969,1.713968,1.451942,0.987349
2019-11-12,2.899245,1.928024,1.713759,1.451814,0.987464
2019-11-13,2.900185,1.928649,1.714782,1.461324,0.987931
2019-11-14,2.904406,1.931456,1.719187,1.472186,0.988865
2019-11-15,2.925423,1.945433,1.726894,1.473075,0.988515
2019-11-18,2.927582,1.946869,1.728664,1.477808,0.988981
2019-11-19,2.926737,1.946306,1.732173,1.483009,0.988865
2019-11-20,2.915854,1.939069,1.72917,1.488108,0.989332
2019-11-21,2.911162,1.935949,1.720963,1.475315,0.988865
2019-11-22,2.917635,1.940254,1.721927,1.473202,0.990075
2019-11-25,2.940248,1.955292,1.734865,1.473844,0.997748
2019-11-26,2.946911,1.959722,1.740333,1.485606,1.000009
2019-11-27,2.960046,1.968457,1.744424,1.483884,0.998419
2019-11-29,2.949068,1.961157,1.736131,1.483624,0.998772
2019-12-02,2.924016,1.944497,1.722489,1.469287,0.998466
2019-12-03,2.904406,1.931456,1.724414,1.479922,0.999882
2019-12-04,2.922328,1.943374,1.732714,1.476821,1.005052
2019-12-05,2.927582,1.946869,1.733773,1.475682,1.006859
2019-12-06,2.954322,1.964651,1.741376,1.473339,1.016055
2019-12-09,2.945033,1.958474,1.738236,1.472033,1.015039
2019-12-10,2.941749,1.95629,1.739043,1.473051,1.014559
2019-12-11,2.9501,1.961843,1.744426,1.482892,1.015399
2019-12-12,2.975527,1.978753,1.749118,1.476703,1.023135
2019-12-13,2.977309,1.979937,1.754535,1.486223,1.023322
2019-12-16,2.997764,1.993541,1.76393,1.486706,1.022718
2019-12-17,2.99842,1.993976,1.764421,1.4862,1.02296
2019-12-18,2.998608,1.994102,1.766688,1.482546,1.023081
2019-12-19,3.010899,2.002275,1.77307,1.487706,1.023286
2019-12-20,3.024101,2.011055,1.776849,1.490857,1.023286
2019-12-23,3.02872,2.014126,1.778022,1.492974,1.023044
2019-12-24,3.028815,2.014189,1.78176,1.499349,1.023165
2019-12-26,3.044938,2.024912,1.791232,1.508891,1.023528
2019-12-27,3.044183,2.024409,1.792326,1.508841,1.024255
2019-12-30,3.027399,2.013248,1.786124,1.504774,1.024618
2019-12-31,3.034754,2.018139,1.787235,1.501756,1.024496
2020-01-02,3.063135,2.037013,1.800187,1.519446,1.033053
2020-01-03,3.039941,2.021588,1.799219,1.513107,1.025231
2020-01-06,3.051539,2.029301,1.803397,1.518882,1.023842
2020-01-07,3.042958,2.023595,1.798903,1.511743,1.023842
2020-01-08,3.059176,2.034379,1.798653,1.519761,1.023359
2020-01-09,3.079919,2.048174,1.802319,1.527212,1.02348
2020-01-10,3.071056,2.04228,1.805312,1.528336,1.023721
2020-01-13,3.092176,2.056325,1.81327,1.543845,1.0236
2020-01-14,3.087461,2.05319,1.812978,1.539106,1.023721
2020-01-15,3.094438,2.05783,1.816219,1.545107,1.024205
2020-01-16,3.120179,2.074947,1.824958,1.558441,1.024205
2020-01-17,3.129891,2.081406,1.827274,1.563123,1.024567
2020-01-21,3.123762,2.07733,1.821476,1.56682,1.024809
2020-01-22,3.12414,2.077581,1.820685,1.564768,1.025051
2020-01-23,3.127722,2.079964,1.820726,1.571437,1.025413
2020-01-24,3.099908,2.061467,1.811335,1.560566,1.015269
2020-01-27,3.050218,2.028422,1.790348,1.538975,1.01533
2020-01-28,3.082181,2.049679,1.799078,1.554283,1.014852
2020-01-29,3.079636,2.047986,1.800459,1.552796,1.012999
2020-01-30,3.08963,2.054632,1.797101,1.556701,1.016286
2020-01-31,3.033529,2.017324,1.777664,1.53272,1.016585
2020-02-03,3.056063,2.03231,1.782543,1.54592,1.016286
2020-02-04,3.102641,2.063285,1.800076,1.558114,1.01521
2020-02-05,3.138471,2.087112,1.808291,1.560145,1.014492
2020-02-06,3.149032,2.094135,1.814309,1.568728,1.014731
2020-02-07,3.132248,2.082973,1.807426,1.570217,1.015329
2020-02-10,3.155632,2.098524,1.818563,1.581899,1.015807
2020-02-11,3.161101,2.102161,1.82488,1.580247,1.015329
2020-02-12,3.181466,2.115704,1.834046,1.586103,1.01485
2020-02-13,3.178073,2.113447,1.833043,1.58689,1.01509
2020-02-14,3.183164,2.116833,1.837222,1.591568,1.015568
2020-02-18,3.174961,2.111378,1.837522,1.594037,1.015927
2020-02-19,3.190141,2.121473,1.842672,1.601635,1.016047
2020-02-20,3.177035,2.112757,1.840678,1.598667,1.016286
2020-02-21,3.144317,2.090999,1.835441,1.58792,1.017123
2020-02-24,3.040035,2.021651,1.79667,1.557856,1.018798
2020-02-25,2.947915,1.96039,1.761394,1.530765,0.986907
2020-02-26,2.937072,1.95318,1.758624,1.528815,0.983277
2020-02-27,2.805163,1.865459,1.70895,1.485938,0.939117
2020-02-28,2.793378,1.857621,1.694094,1.495429,0.935171
2020-03-02,2.914349,1.938069,1.736972,1.539072,0.97567
2020-03-03,2.830904,1.943831,1.729551,1.546199,0.947734
2020-03-04,2.949895,1.944056,1.770642,1.563134,0.946896
2020-03-05,2.851836,1.948129,1.751428,1.571528,0.94888
2020-03-06,2.804692,1.950392,1.747573,1.590152,0.949982
2020-03-09,2.585661,1.961026,1.667922,1.568573,0.955162
2020-03-10,2.719456,1.952429,1.699321,1.55921,1.003631
2020-03-11,2.586886,1.950166,1.630296,1.515597,0.954706
2020-03-12,2.33938,1.949713,1.512843,1.452254,0.863362
2020-03-13,2.539365,1.952202,1.579631,1.467544,0.937168
2020-03-16,2.261499,1.95537,1.459483,1.435029,0.83462
2020-03-17,2.383602,1.950844,1.504045,1.445894,0.879682
2020-03-18,2.262913,1.948356,1.426389,1.394444,0.835141
2020-03-19,2.267722,1.95175,1.434835,1.401101,0.836916
2020-03-20,2.169996,1.956954,1.42185,1.424927,0.80085
2020-03-23,2.114513,1.959216,1.422428,1.465828,0.780374
2020-03-24,2.306095,1.956501,1.510774,1.518282,0.851078
2020-03-25,2.340617,1.958764,1.530405,1.506456,0.863819
2020-03-26,2.477285,1.961026,1.592655,1.54181,0.863953
2020-03-27,2.403498,1.960574,1.573694,1.534533,0.863753
2020-03-30,2.481553,1.96148,1.601786,1.55118,0.864152
2020-03-31,2.444565,1.961026,1.576078,1.5261,0.863953
2020-04-01,2.334547,1.962295,1.530354,1.516424,0.864512
2020-04-02,2.388418,1.962748,1.551541,1.533159,0.864711
2020-04-03,2.353895,1.962295,1.547985,1.538768,0.851348
2020-04-06,2.511998,1.960936,1.597827,1.558079,0.90853
2020-04-07,2.514559,1.960482,1.58918,1.545749,0.909456
2020-04-08,2.598968,1.961615,1.591855,1.533241,0.909072
2020-04-09,2.638518,1.962295,1.607448,1.554661,0.909387
2020-04-13,2.614428,1.962522,1.617529,1.560888,0.909492
2020-04-14,2.691534,1.962522,1.645089,1.566838,0.909492
2020-04-15,2.634345,1.963201,1.650527,1.583593,0.909807
2020-04-16,2.647053,1.963654,1.666335,1.591901,0.910017
2020-04-17,2.718565,1.962975,1.653417,1.565776,0.909702
2020-04-20,2.670669,1.962975,1.65525,1.577653,0.909702
2020-04-21,2.589579,1.963428,1.638073,1.582201,0.909912
2020-04-22,2.647053,1.962748,1.659438,1.589681,0.909597
2020-04-23,2.646864,1.962522,1.666701,1.601813,0.908622
2020-04-24,2.683758,1.962522,1.674385,1.60026,0.921287
2020-04-27,2.722453,1.962522,1.664779,1.580053,0.920366
2020-04-28,2.709934,1.963201,1.658243,1.585627,0.920685
2020-04-29,2.780876,1.962975,1.678034,1.5859,0.920578
2020-04-30,2.754985,1.966373,1.661139,1.562275,0.922172
2020-05-01,2.68205,1.963471,1.653692,1.573785,0.920811
2020-05-04,2.689448,1.963471,1.658743,1.578747,0.920811
2020-05-05,2.714296,1.963243,1.666379,1.583576,0.928397
2020-05-06,2.695897,1.963924,1.654043,1.571523,0.922104
2020-05-07,2.728428,1.965284,1.677613,1.595061,0.921821
2020-05-08,2.773573,1.964831,1.682327,1.592239,0.921608
2020-05-11,2.774142,1.96415,1.680268,1.589532,0.921289
2020-05-12,2.71885,1.964604,1.669046,1.585938,0.921502
2020-05-13,2.670764,1.964604,1.663378,1.588107,0.921502
2020-05-14,2.702726,1.96415,1.680826,1.603983,0.931608
2020-05-15,2.71515,1.965284,1.686776,1.609096,0.935891
2020-05-18,2.797852,1.963697,1.69503,1.603257,0.964398
2020-05-19,2.769116,1.964831,1.69529,1.609074,0.96399
2020-05-20,2.816157,1.964831,1.713228,1.622663,0.96399
2020-05-21,2.796715,1.964378,1.700433,1.61024,0.963768
2020-05-22,2.802026,1.964378,1.707781,1.618497,0.963768
2020-05-26,2.836549,1.964378,1.700094,1.602137,0.963768
2020-05-27,2.878753,1.963924,1.708723,1.605034,0.963545
2020-05-28,2.873442,1.964831,1.707237,1.60416,0.96399
2020-05-29,2.886246,1.964831,1.721582,1.619748,0.96399
2020-06-01,2.897912,1.964605,1.723696,1.620219,0.963879
2020-06-02,2.921906,1.978907,1.725797,1.61838,0.963879
2020-06-03,2.960792,2.005243,1.719782,1.60368,0.9631
2020-06-04,2.953015,1.999976,1.713938,1.597818,0.963323
2020-06-05,3.028699,2.051234,1.721676,1.593785,0.962988
2020-06-08,3.065308,2.076028,1.736531,1.605699,0.962765
2020-06-09,3.042452,2.060548,1.745556,1.620817,0.9631
2020-06-10,3.025475,2.049051,1.76108,1.643051,0.963656
2020-06-11,2.851059,1.930924,1.719029,1.622315,0.963211
2020-06-12,2.885203,1.954049,1.724057,1.622165,0.973783
2020-06-15,2.912138,1.972291,1.732795,1.62808,0.982874
2020-06-16,2.96819,2.010253,1.741717,1.628811,1.001792
2020-06-17,2.95586,2.001903,1.743918,1.63381,1.001137
2020-06-18,2.956999,2.002674,1.749025,1.63998,1.001022
2020-06-19,2.9401,1.991229,1.751628,1.646359,1.001253
2020-06-22,2.958961,2.004003,1.762573,1.656555,1.006675
2020-06-23,2.972583,2.013228,1.769051,1.66213,1.011309
2020-06-24,2.896756,1.961874,1.751854,1.65472,0.985512
2020-06-25,2.927811,1.982906,1.761717,1.661228,0.984527
2020-06-26,2.85827,1.935809,1.747535,1.65655,0.984868
2020-06-29,2.900281,1.964261,1.757583,1.661134,0.985096
2020-06-30,2.937432,1.989422,1.771641,1.671757,0.984982
2020-07-01,2.958008,2.003357,1.777069,1.674682,0.984652
2020-07-02,2.974297,2.014389,1.783952,1.680257,0.985107
2020-07-06,3.020214,2.045487,1.802646,1.695087,0.984766
2020-07-07,2.989063,2.02439,1.804072,1.702702,0.984993
2020-07-08,3.011925,2.039873,1.814462,1.711436,0.984993
2020-07-09,2.994778,2.028261,1.821696,1.723782,0.98522
2020-07-10,3.025357,2.048971,1.825986,1.723327,0.98488
2020-07-13,2.999161,2.031229,1.814719,1.714123,0.98488
2020-07-14,3.038026,2.057551,1.826578,1.721654,0.984993
2020-07-15,3.065937,2.076454,1.829974,1.720649,0.985107
2020-07-16,3.055841,2.069616,1.823194,1.714039,0.985107
2020-07-17,3.064699,2.075616,1.827844,1.718211,0.985335
2020-07-20,3.089467,2.09239,1.847827,1.738629,0.985107
2020-07-21,3.09604,2.096842,1.849839,1.73992,0.985335
2020-07-22,3.113663,2.108777,1.862514,1.752514,0.98522
2020-07-23,3.076512,2.083616,1.854344,1.749235,0.98522
2020-07-24,3.056697,2.070196,1.850906,1.748665,0.985335
2020-07-27,3.078988,2.085293,1.86996,1.768417,0.984993
2020-07-28,3.05946,2.072067,1.86818,1.769911,0.977761
2020-07-29,3.097087,2.097551,1.88202,1.780137,0.989786
2020-07-30,3.086038,2.090067,1.882422,1.782762,0.986255
2020-07-31,3.110424,2.106583,1.898514,1.798385,0.994048
2020-08-03,3.132048,2.121229,1.906372,1.804143,0.993054
2020-08-04,3.144146,2.129422,1.925699,1.824904,0.993169
2020-08-05,3.163674,2.142648,1.933439,1.82674,0.99294
2020-08-06,3.184822,2.156971,1.949651,1.846289,0.99294
2020-08-07,3.187108,2.158519,1.928627,1.825307,0.992825
2020-08-10,3.196635,2.164971,1.926039,1.81788,0.992595
2020-08-11,3.170247,2.147099,1.88925,1.766664,0.992366
2020-08-12,3.214448,2.177035,1.903904,1.77337,0.992137
2020-08-13,3.208637,2.1731,1.907893,1.782361,0.992022
2020-08-14,3.208732,2.173164,1.903633,1.776782,0.992137
2020-08-17,3.218925,2.180067,1.923298,1.797995,0.992252
2020-08-18,3.225879,2.184777,1.933618,1.813449,0.993403
2020-08-19,3.212447,2.17568,1.910029,1.786523,0.99241
2020-08-20,3.22245,2.182455,1.921402,1.804284,0.99241
2020-08-21,3.233881,2.190197,1.926571,1.807238,0.992295
2020-08-24,3.26665,2.21239,1.934339,1.806612,0.99218
2020-08-25,3.278081,2.220132,1.940132,1.80747,0.992295
2020-08-26,3.310946,2.24239,1.95643,1.825136,0.992295
2020-08-27,3.318185,2.247293,1.941607,1.805858,0.99218
2020-08-28,3.339619,2.26181,1.957646,1.818933,0.992525
2020-08-31,3.327521,2.253616,1.954226,1.829277,0.992869
2020-09-01,3.358862,2.274842,1.976192,1.847399,0.992628
2020-09-02,3.407445,2.307746,1.986637,1.853435,0.992742
2020-09-03,3.290179,2.228325,1.940788,1.795843,0.992628
2020-09-04,3.263316,2.210132,1.929076,1.784631,0.992284
2020-09-08,3.174153,2.149745,1.896001,1.738638,0.992399
2020-09-09,3.236834,2.192197,1.924409,1.772734,1.011004
2020-09-10,3.18063,2.154131,1.903455,1.748788,0.993449
2020-09-11,3.182249,2.155228,1.905798,1.745007,0.993955
2020-09-14,3.224164,2.183616,1.929302,1.76739,1.007047
2020-09-15,3.240454,2.194648,1.938472,1.777307,1.012135
2020-09-16,3.227593,2.185938,1.935165,1.767187,1.011239
2020-09-17,3.199206,2.166713,1.924999,1.74957,1.011006
2020-09-18,3.162374,2.141768,1.912749,1.736178,1.011123
2020-09-21,3.127179,2.117931,1.887249,1.7195,0.998858
2020-09-22,3.159028,2.139501,1.89346,1.733208,1.009031
2020-09-23,3.085766,2.089884,1.858926,1.689686,0.985631
2020-09-24,3.093991,2.095454,1.86139,1.695905,0.988258
2020-09-25,3.144012,2.129331,1.876568,1.716575,1.004235
2020-09-28,3.196232,2.164698,1.902167,1.74372,1.020915
2020-09-29,3.178825,2.152909,1.90035,1.742834,1.019775
2020-09-30,3.202927,2.169232,1.903917,1.747729,1.019894
2020-10-01,3.223489,2.183159,1.921305,1.765913,1.019658
2020-10-02,3.192884,2.162431,1.907213,1.743238,1.019775
2020-10-05,3.249504,2.200778,1.929172,1.768767,1.019422
2020-10-06,3.203309,2.169491,1.915353,1.742929,1.019422
2020-10-07,3.259068,2.207255,1.934053,1.76283,1.019304
2020-10-08,3.287952,2.226817,1.947773,1.773254,1.019304
2020-10-09,3.317314,2.246703,1.965028,1.798299,1.019304
2020-10-12,3.370681,2.282847,1.984253,1.824726,1.019539
2020-10-13,3.348684,2.267949,1.973738,1.811169,1.019422
2020-10-14,3.327643,2.253698,1.965965,1.804201,1.019422
2020-10-15,3.32353,2.250913,1.961823,1.801615,1.019658
2020-10-16,3.321521,2.249552,1.959971,1.79588,1.018022
2020-10-19,3.271023,2.215351,1.945043,1.777308,1.002544
2020-10-20,3.284127,2.224226,1.950492,1.783811,1.006561
2020-10-21,3.277909,2.220016,1.94795,1.786703,1.004655
2020-10-22,3.29589,2.232193,1.948802,1.784112,1.010166
2020-10-23,3.307079,2.239771,1.95676,1.786671,1.013595
2020-10-26,3.245965,2.198381,1.935173,1.766434,1.012699
2020-10-27,3.234776,2.190803,1.935631,1.770552,1.012699
2020-10-28,3.124213,2.115923,1.8875,1.717843,1.012699
2020-10-29,3.155967,2.137428,1.898423,1.731303,1.021979
2020-10-30,3.123067,2.115146,1.87923,1.713282,1.011325
2020-11-02,3.158072,2.138854,1.899161,1.726497,1.02266
2020-11-03,3.21383,2.176617,1.913526,1.74988,1.040716
2020-11-04,3.285656,2.225262,1.959284,1.788628,1.063975
2020-11-05,3.349735,2.268661,1.993512,1.829502,1.062665
2020-11-06,3.34897,2.268143,1.991306,1.830686,1.062788
2020-11-09,3.391052,2.296643,1.964913,1.798869,1.062419
2020-11-10,3.386079,2.293275,1.951854,1.789234,1.062296
2020-11-11,3.411234,2.310312,1.965743,1.804426,1.06205
2020-11-12,3.378141,2.287899,1.966209,1.799413,1.062173
2020-11-13,3.42491,2.319574,1.982792,1.817069,1.062173
2020-11-16,3.467662,2.348528,1.994784,1.829321,1.062419
2020-11-17,3.449011,2.335897,1.992106,1.82187,1.062296
2020-11-18,3.407503,2.307785,1.981855,1.806598,1.062296
2020-11-19,3.42185,2.317501,1.988571,1.812713,1.062543
2020-11-20,3.398417,2.301631,1.990059,1.806271,1.054204
2020-11-23,3.418789,2.315428,1.983852,1.798043,1.060523
2020-11-24,3.473878,2.352739,1.991113,1.806935,1.077612
2020-11-25,3.468522,2.349111,1.989296,1.809424,1.075951
2020-11-27,3.478183,2.355654,1.997666,1.810542,1.074875
2020-11-30,3.462784,2.345225,1.983088,1.805072,1.075124
2020-12-01,3.500658,2.370876,2.002827,1.832036,1.074539
2020-12-02,3.508023,2.375863,2.003846,1.834355,1.074787
2020-12-03,3.507066,2.375216,2.014105,1.842058,1.075036
2020-12-04,3.537288,2.395684,2.02483,1.856195,1.074912
2020-12-07,3.530019,2.390761,2.030721,1.858427,1.07516
2020-12-08,3.540349,2.397757,2.039784,1.862581,1.074912
2020-12-09,3.508596,2.376252,2.020389,1.837585,1.074787
2020-12-10,3.507449,2.375475,2.030368,1.84774,1.075036
2020-12-11,3.503335,2.372689,2.0266,1.841313,1.075658
2020-12-14,3.48765,2.362066,2.024019,1.839827,1.069767
2020-12-15,3.534802,2.394,2.047405,1.861305,1.08423
2020-12-16,3.540349,2.397757,2.05178,1.86864,1.085931
2020-12-17,3.560147,2.411166,2.065102,1.880248,1.08487
2020-12-18,3.545931,2.401538,2.058338,1.875115,1.084745
2020-12-21,3.533252,2.392951,2.048731,1.862517,1.084745
2020-12-22,3.527297,2.388918,2.048494,1.858216,1.084745
2020-12-23,3.530467,2.391065,2.05584,1.861991,1.084635
2020-12-24,3.544202,2.400367,2.059258,1.864433,1.088854
2020-12-28,3.57465,2.420988,2.06594,1.877771,1.098208
2020-12-29,3.567831,2.416369,2.06693,1.886476,1.09711
2020-12-30,3.572921,2.419817,2.077605,1.895774,1.097237
2020-12-31,3.591074,2.432111,2.078417,1.900173,1.09711
2021-01-04,3.542186,2.399001,2.075999,1.886652,1.097237
2021-01-05,3.566582,2.415524,2.093947,1.902159,1.097237
2021-01-06,3.587905,2.429965,2.093737,1.909022,1.096602
2021-01-07,3.641212,2.466068,2.110557,1.934256,1.096857
2021-01-08,3.661959,2.480119,2.115001,1.919096,1.096729
2021-01-11,3.637274,2.463401,2.099208,1.908043,1.096602
2021-01-12,3.638042,2.463921,2.110182,1.922549,1.096602
2021-01-13,3.647839,2.470556,2.113234,1.919536,1.096475
2021-01-14,3.635065,2.461905,2.118843,1.928564,1.091539
2021-01-15,3.608555,2.443951,2.098161,1.90591,1.090574
2021-01-19,3.636889,2.46314,2.119374,1.928701,1.090953
2021-01-20,3.687219,2.497227,2.144544,1.956955,1.104959
2021-01-21,3.69058,2.499504,2.143062,1.956105,1.105966
2021-01-22,3.677518,2.490657,2.139112,1.956671,1.10486
2021-01-25,3.692021,2.50048,2.148343,1.961988,1.104988
2021-01-26,3.686259,2.496577,2.143059,1.956792,1.10486
2021-01-27,3.596164,2.435559,2.104766,1.92252,1.10486
2021-01-28,3.627093,2.456506,2.110814,1.924856,1.104733
2021-01-29,3.554479,2.407327,2.078189,1.901383,1.081511
2021-02-01,3.613646,2.447398,2.112519,1.938738,1.099514
2021-02-02,3.664743,2.482005,2.127282,1.966221,1.115061
2021-02-03,3.667625,2.483956,2.128336,1.968893,1.115938
2021-02-04,3.709311,2.512189,2.135231,1.990277,1.114822
2021-02-05,3.723909,2.522076,2.146589,2.007433,1.11508
2021-02-08,3.750803,2.54029,2.167629,2.030193,1.114951
2021-02-09,3.748306,2.538599,2.175122,2.040443,1.114692
2021-02-10,3.746673,2.537493,2.174919,2.036815,1.114822
2021-02-11,3.752724,2.541591,2.176929,2.047019,1.114822
2021-02-12,3.771262,2.554147,2.181474,2.05335,1.119214
2021-02-16,3.767995,2.551934,2.177021,2.04885,1.117706
2021-02-17,3.76886,2.55252,2.171607,2.040457,1.117965
2021-02-18,3.75282,2.541656,2.157867,2.017561,1.117965
2021-02-19,3.746193,2.537168,2.161736,2.033006,1.118095
2021-02-22,3.717378,2.517653,2.150332,1.99114,1.108376
2021-02-23,3.721893,2.52071,2.148822,1.986291,1.109723
2021-02-24,3.762905,2.548487,2.161628,2.003144,1.121951
2021-02-25,3.672235,2.487079,2.113261,1.939971,1.094917
2021-02-26,3.653314,2.474264,2.102153,1.933123,1.095219
2021-03-01,3.741871,2.534241,2.131621,1.992682,1.095118
2021-03-02,3.712672,2.514465,2.116994,1.962746,1.085477
2021-03-03,3.663495,2.48116,2.097954,1.93536,1.083763
2021-03-04,3.61816,2.450456,2.072992,1.891743,1.083763
2021-03-05,3.684722,2.495536,2.099982,1.921478,1.102616
2021-03-08,3.666376,2.483111,2.080417,1.88912,1.097127
2021-03-09,3.718724,2.518564,2.116315,1.941024,1.112791
2021-03-10,3.741871,2.534241,2.127427,1.947517,1.112065
2021-03-11,3.77981,2.559936,2.158774,1.997219,1.112065
2021-03-12,3.784901,2.563383,2.157641,1.983877,1.111937
2021-03-15,3.807472,2.57867,2.168211,1.994884,1.112065
2021-03-16,3.80267,2.575418,2.164488,1.99024,1.112065
2021-03-17,3.815636,2.5842,2.172757,1.999035,1.112323
2021-03-18,3.76012,2.546601,2.127545,1.946101,1.112194
2021-03-19,3.753163,2.541888,2.137318,1.961299,1.112194
2021-03-22,3.783132,2.562186,2.142923,1.966698,1.112065
2021-03-23,3.753355,2.542019,2.111269,1.927536,1.1022
2021-03-24,3.734275,2.529096,2.09839,1.887141,1.101354
2021-03-25,3.755283,2.543324,2.104576,1.903888,1.101482
2021-03-26,3.815799,2.58431,2.140493,1.941479,1.118131
2021-03-29,3.813872,2.583005,2.125423,1.918582,1.117566
2021-03-30,3.803754,2.576152,2.119892,1.928187,1.116448
2021-03-31,3.819172,2.586594,2.132641,1.94993,1.116061
2021-04-01,3.860414,2.614526,2.162226,1.975584,1.126997
2021-04-05,3.915824,2.652053,2.174919,1.994919,1.143173
2021-04-06,3.913512,2.650487,2.176245,1.996196,1.142295
2021-04-07,3.91804,2.653554,2.169639,1.977276,1.142428
2021-04-08,3.936639,2.66615,2.183191,1.99515,1.142825
2021-04-09,3.965259,2.685534,2.182034,1.993605,1.142428
2021-04-12,3.966704,2.686512,2.177686,1.986169,1.142163
2021-04-13,3.97846,2.694474,2.189867,1.994902,1.142561
2021-04-14,3.964873,2.685273,2.193594,1.996831,1.142561
2021-04-15,4.007465,2.714118,2.217639,2.015881,1.142825
2021-04-16,4.02086,2.723191,2.223866,2.019482,1.142692
2021-04-19,4.001105,2.709812,2.214929,2.002094,1.142561
2021-04-20,3.971811,2.689971,2.200778,1.978143,1.142825
2021-04-21,4.009392,2.715424,2.220418,2.00396,1.14309
2021-04-22,3.972775,2.690624,2.210429,1.990797,1.131508
2021-04-23,4.01585,2.719797,2.231714,2.021282,1.143776
2021-04-26,4.024233,2.725475,2.241048,2.033546,1.146164
2021-04-27,4.023365,2.724887,2.24075,2.031248,1.145916
2021-04-28,4.022209,2.724104,2.243706,2.035192,1.145037
2021-04-29,4.047843,2.741465,2.248029,2.033513,1.145302
2021-04-30,4.021246,2.723452,2.229873,2.007888,1.136631
2021-05-03,4.029918,2.729326,2.239617,2.007597,1.13539
2021-05-04,4.005057,2.712488,2.222661,1.997236,1.13539
2021-05-05,4.00631,2.713336,2.223392,1.994878,1.135653
2021-05-06,4.038302,2.735003,2.240422,2.0037,1.135653
2021-05-07,4.067693,2.754909,2.263249,2.024003,1.142782
2021-05-10,4.027414,2.727629,2.238336,1.98513,1.141242
2021-05-11,3.991469,2.703285,2.229638,1.989222,1.14111
2021-05-12,3.90667,2.645853,2.185182,1.949824,1.140978
2021-05-13,3.953598,2.677636,2.194382,1.948817,1.153543
2021-05-14,4.014308,2.718753,2.228912,1.984362,1.171256
2021-05-17,4.004094,2.711835,2.233114,1.989511,1.168276
2021-05-18,3.969595,2.688471,2.230302,1.976798,1.167243
2021-05-19,3.959188,2.681422,2.218053,1.958986,1.166837
2021-05-20,4.00178,2.710268,2.234993,1.969133,1.178223
2021-05-21,3.998504,2.70805,2.23359,1.973412,1.177258
2021-05-24,4.039266,2.735656,2.254786,1.997813,1.176354
2021-05-25,4.030304,2.729587,2.256237,1.990126,1.176354
2021-05-26,4.038302,2.735003,2.266172,2.005896,1.176627
2021-05-27,4.040421,2.736439,2.272687,2.020835,1.176627
2021-05-28,4.04765,2.741335,2.27827,2.020347,1.176627
2021-06-01,4.044084,2.738919,2.296611,2.037702,1.176381
2021-06-02,4.050444,2.743227,2.30566,2.042506,1.176518
2021-06-03,4.035411,2.733046,2.28555,2.023804,1.176109
2021-06-04,4.072319,2.758042,2.305656,2.04031,1.176518
2021-06-07,4.068367,2.755366,2.314621,2.0471,1.176381
2021-06-08,4.069235,2.755953,2.320721,2.057802,1.176654
2021-06-09,4.063164,2.751842,2.315289,2.048058,1.176381
2021-06-10,4.08205,2.764633,2.324989,2.050954,1.17679
2021-06-11,4.088796,2.769201,2.323653,2.0537,1.176518
2021-06-14,4.097951,2.775402,2.325293,2.049631,1.176109
2021-06-15,4.090434,2.770311,2.314969,2.040136,1.175973
2021-06-16,4.067596,2.754843,2.297512,2.025495,1.174881
2021-06-17,4.066248,2.75393,2.280809,2.004161,1.174881
2021-06-18,4.011393,2.716779,2.256878,1.991233,1.157857
2021-06-21,4.068819,2.755672,2.28636,2.01644,1.174433
2021-06-22,4.090572,2.770404,2.288345,2.017476,1.180711
2021-06-23,4.085641,2.767065,2.290119,2.028057,1.179288
2021-06-24,4.109811,2.783434,2.303268,2.046295,1.178246
2021-06-25,4.124408,2.79332,2.309129,2.050281,1.178109
2021-06-28,4.132723,2.798952,2.308344,2.045123,1.17852
2021-06-29,4.134947,2.800458,2.30558,2.044611,1.178383
2021-06-30,4.138428,2.802815,2.303924,2.046713,1.178657
2021-07-01,4.16134,2.818333,2.310526,2.051367,1.178424
2021-07-02,4.193147,2.839875,2.318253,2.058402,1.178971
2021-07-06,4.185511,2.834703,2.299716,2.032749,1.179381
2021-07-07,4.200302,2.844721,2.297103,2.019664,1.179518
2021-07-08,4.166078,2.821542,2.28025,2.015148,1.180065
2021-07-09,4.21055,2.851661,2.312956,2.04134,1.179656
2021-07-12,4.225632,2.861875,2.320777,2.045636,1.179381
2021-07-13,4.211226,2.852119,2.310105,2.038483,1.178424
2021-07-14,4.217511,2.856376,2.307318,2.022531,1.179245
2021-07-15,4.203106,2.846619,2.298469,2.010451,1.179381
2021-07-16,4.170138,2.824292,2.284005,1.99677,1.179245
2021-07-19,4.108554,2.782583,2.241243,1.954751,1.179792
2021-07-20,4.167431,2.822458,2.275141,1.992173,1.195519
2021-07-21,4.201173,2.84531,2.299381,2.021997,1.205198
2021-07-22,4.209969,2.851268,2.297761,2.021087,1.207722
2021-07-23,4.253282,2.880602,2.308376,2.035635,1.206655
2021-07-26,4.263724,2.887674,2.307151,2.043108,1.206374
2021-07-27,4.244291,2.874513,2.290174,2.023772,1.206655
2021-07-28,4.242552,2.873335,2.306795,2.039449,1.206795
2021-07-29,4.260146,2.885251,2.321098,2.057885,1.206795
2021-07-30,4.239457,2.871239,2.309263,2.045931,1.199727
2021-08-02,4.230562,2.865215,2.306715,2.035248,1.198972
2021-08-03,4.264981,2.888525,2.315369,2.039002,1.198972
2021-08-04,4.244001,2.874316,2.304458,2.020548,1.191876
2021-08-05,4.270878,2.892519,2.324382,2.046908,1.190132
2021-08-06,4.277935,2.897299,2.318124,2.042402,1.189717
2021-08-09,4.274455,2.894942,2.311093,2.030242,1.189303
2021-08-10,4.279772,2.898543,2.314503,2.040392,1.188889
2021-08-11,4.290407,2.905745,2.324416,2.048614,1.189441
2021-08-12,4.303265,2.914454,2.322128,2.046975,1.189441
2021-08-13,4.311096,2.919757,2.321965,2.039249,1.18958
2021-08-16,4.321248,2.926633,2.313801,2.031429,1.189856
2021-08-17,4.29292,2.907448,2.291541,2.009736,1.18958
2021-08-18,4.245935,2.875626,2.274394,1.989602,1.18958
2021-08-19,4.252508,2.880078,2.260844,1.975585,1.18958
2021-08-20,4.286346,2.902995,2.267257,1.978082,1.197856
2021-08-23,4.324051,2.928531,2.30019,2.02443,1.208393
2021-08-24,4.330915,2.93318,2.318556,2.047316,1.207044
2021-08-25,4.340002,2.939335,2.32406,2.056625,1.206904
2021-08-26,4.314384,2.921984,2.309095,2.039621,1.206904
2021-08-27,4.352957,2.948109,2.339276,2.07401,1.207744
2021-08-30,4.3721,2.961073,2.348313,2.081449,1.208025
2021-08-31,4.365622,2.956686,2.352654,2.078996,1.207884
2021-09-01,4.367942,2.958258,2.366799,2.081556,1.207786
2021-09-02,4.381381,2.967359,2.375545,2.097327,1.207786
2021-09-03,4.380318,2.966639,2.378684,2.094941,1.207786
2021-09-07,4.364656,2.956032,2.370144,2.074314,1.207366
2021-09-08,4.359338,2.95243,2.361415,2.075304,1.207647
2021-09-09,4.34068,2.939794,2.348115,2.055874,1.20127
2021-09-10,4.306456,2.916615,2.337996,2.048106,1.191799
2021-09-13,4.317477,2.924079,2.348892,2.061897,1.194849
2021-09-14,4.294178,2.908299,2.336884,2.051568,1.188401
2021-09-15,4.330045,2.932591,2.352633,2.071149,1.198327
2021-09-16,4.323181,2.927942,2.346147,2.067349,1.196427
2021-09-17,4.281069,2.899421,2.327803,2.056484,1.184773
2021-09-20,4.209684,2.851075,2.286441,2.02792,1.183863
2021-09-21,4.205708,2.848382,2.293166,2.029967,1.181561
2021-09-22,4.246734,2.876167,2.317174,2.054779,1.193087
2021-09-23,4.298332,2.911113,2.340732,2.076077,1.207583
2021-09-24,4.305413,2.915908,2.330821,2.06848,1.205954
2021-09-27,4.293095,2.907566,2.334263,2.079031,1.205814
2021-09-28,4.206582,2.848974,2.294045,2.053087,1.205954
2021-09-29,4.213661,2.853768,2.292342,2.057447,1.206375
2021-09-30,4.162161,2.818889,2.282104,2.044133,1.190424
2021-10-01,4.211625,2.852389,2.302706,2.073885,1.204571
2021-10-04,4.157311,2.815605,2.285655,2.075568,1.189037
2021-10-05,4.200568,2.844901,2.300968,2.086665,1.201409
2021-10-06,4.218025,2.856724,2.296367,2.084634,1.206402
2021-10-07,4.254494,2.881423,2.321232,2.101253,1.216832
2021-10-08,4.246734,2.876167,2.315657,2.095703,1.215191
2021-10-11,4.215989,2.855345,2.310158,2.097065,1.214203
2021-10-12,4.205611,2.848316,2.312807,2.1045,1.214768
2021-10-13,4.220742,2.858563,2.330341,2.116108,1.217923
2021-10-14,4.291736,2.906646,2.358848,2.143849,1.238409
2021-10-15,4.324423,2.928784,2.371922,2.154737,1.247841
2021-10-18,4.337225,2.937453,2.372676,2.154379,1.245723
2021-10-19,4.370686,2.960116,2.386624,2.161923,1.246158
2021-10-20,4.387853,2.971742,2.400065,2.184107,1.246593
2021-10-21,4.399298,2.979494,2.395381,2.176013,1.245143
2021-10-22,4.394739,2.976406,2.39587,2.182042,1.244852
2021-10-25,4.418307,2.992368,2.408397,2.191979,1.245433
2021-10-26,4.422284,2.995061,2.407525,2.19565,1.245143
2021-10-27,4.402692,2.981793,2.387091,2.172743,1.244852
2021-10-28,4.445173,3.010563,2.411139,2.193584,1.244998
2021-10-29,4.454193,3.016672,2.400804,2.183098,1.245143
2021-11-01,4.461854,3.021861,2.421741,2.193407,1.244577
2021-11-02,4.479894,3.034079,2.424093,2.199716,1.245882
2021-11-03,4.507246,3.052603,2.432858,2.196588,1.245592
2021-11-04,4.528486,3.066988,2.432339,2.184824,1.246752
2021-11-05,4.544198,3.07763,2.445328,2.208614,1.247333
2021-11-08,4.548077,3.080257,2.451277,2.214814,1.245882
2021-11-09,4.533045,3.070076,2.446939,2.217688,1.246607
2021-11-10,4.496576,3.045377,2.421794,2.193323,1.244142
2021-11-11,4.498032,3.046363,2.435881,2.205578,1.243271
2021-11-12,4.531977,3.069353,2.444606,2.204746,1.251411
2021-11-15,4.533529,3.070404,2.444091,2.207336,1.251839
2021-11-16,4.551472,3.082556,2.445503,2.202795,1.250587
2021-11-17,4.540416,3.075068,2.435983,2.188907,1.251025
2021-11-18,4.555837,3.085512,2.436609,2.188365,1.250879
2021-11-19,4.54769,3.079994,2.423605,2.165706,1.250587
2021-11-22,4.534887,3.071324,2.413107,2.164266,1.249129
2021-11-23,4.540901,3.075396,2.419735,2.181906,1.249129
2021-11-24,4.553024,3.083607,2.422264,2.188783,1.251215
2021-11-26,4.451478,3.014833,2.343779,2.097484,1.223309
2021-11-29,4.506082,3.051815,2.360422,2.102224,1.222655
2021-11-30,4.418404,2.992433,2.323088,2.05543,1.221659
2021-12-01,4.369328,2.959196,2.297241,2.022734,1.221802
2021-12-02,4.43625,3.00452,2.334623,2.053086,1.220234
2021-12-03,4.397648,2.978376,2.312222,2.03961,1.208396
2021-12-06,4.449731,3.01365,2.342703,2.068835,1.222707
2021-12-07,4.541773,3.075987,2.389702,2.109966,1.247999
2021-12-08,4.5538,3.084132,2.403504,2.1276,1.251303
2021-12-09,4.523055,3.06331,2.37369,2.096138,1.249614
2021-12-10,4.565632,3.092146,2.385557,2.11388,1.250198
2021-12-13,4.525188,3.064755,2.365561,2.106851,1.250929
2021-12-14,4.494054,3.043669,2.346934,2.08435,1.250198
2021-12-15,4.564274,3.091227,2.375105,2.113412,1.250636
2021-12-16,4.524025,3.063967,2.35889,2.099241,1.238357
2021-12-17,4.475876,3.031357,2.346384,2.086589,1.225177
2021-12-20,4.428282,2.999123,2.324156,2.069565,1.212149
2021-12-21,4.506924,3.052385,2.367012,2.107349,1.233676
2021-12-22,4.551988,3.082905,2.38999,2.131409,1.246011
2021-12-23,4.58031,3.102087,2.402656,2.139816,1.253764
2021-12-27,4.645131,3.145988,2.430765,2.17269,1.252071
2021-12-28,4.641336,3.143417,2.426361,2.170617,1.252071
2021-12-29,4.647273,3.147438,2.429424,2.178843,1.251924
2021-12-30,4.634425,3.138737,2.430252,2.176363,1.252657
2021-12-31,4.622745,3.130827,2.423753,2.170365,1.25251
2022-01-03,4.64951,3.148954,2.4369,2.17444,1.251045
2022-01-04,4.647953,3.147899,2.437217,2.181277,1.249375
2022-01-05,4.558703,3.087453,2.386253,2.143408,1.225385
2022-01-06,4.554421,3.084553,2.389615,2.149494,1.223154
2022-01-07,4.536415,3.072358,2.378398,2.14327,1.217096
2022-01-10,4.53077,3.068535,2.369151,2.135235,1.215581
2022-01-11,4.572037,3.096484,2.395442,2.156612,1.226653
2022-01-12,4.584398,3.104856,2.402647,2.165069,1.229969
2022-01-13,4.521231,3.062075,2.375491,2.146052,1.229317
2022-01-14,4.523081,3.063328,2.379843,2.149185,1.227731
2022-01-18,4.442979,3.009077,2.344057,2.134564,1.225856
2022-01-19,4.396845,2.977832,2.325874,2.121475,1.211902
2022-01-20,4.34818,2.944873,2.301264,2.102019,1.198488
2022-01-21,4.262822,2.887063,2.270116,2.087175,1.174961
2022-01-24,4.280926,2.899324,2.278268,2.089871,1.179951
2022-01-25,4.22866,2.863926,2.259396,2.084935,1.165545
2022-01-26,4.218051,2.856741,2.245941,2.073906,1.162621
2022-01-27,4.197222,2.842635,2.225734,2.06248,1.15688
2022-01-28,4.301462,2.913233,2.267391,2.10242,1.185611
2022-01-31,4.378936,2.965703,2.309385,2.126166,1.206965
2022-02-01,4.408524,2.985742,2.322483,2.131264,1.20566
2022-02-02,4.451349,3.014746,2.341622,2.150066,1.205944
2022-02-03,4.34672,2.943884,2.300273,2.127185,1.20495
2022-02-04,4.367159,2.957727,2.308433,2.129135,1.202536
2022-02-07,4.353144,2.948235,2.304378,2.127398,1.20282
2022-02-08,4.388962,2.972493,2.309525,2.123721,1.201543
2022-02-09,4.453198,3.015998,2.34868,2.157266,1.2014
2022-02-10,4.373193,2.961814,2.310084,2.123604,1.195295
2022-02-11,4.28696,2.903411,2.282024,2.113754,1.198986
2022-02-14,4.272945,2.893919,2.276356,2.108692,1.196431
2022-02-15,4.341854,2.940589,2.300026,2.114859,1.214529
2022-02-16,4.34672,2.943884,2.304909,2.119851,1.21589
2022-02-17,4.253868,2.880999,2.27285,2.103126,1.215394
2022-02-18,4.226324,2.862344,2.261824,2.097084,1.215538
2022-02-22,4.180969,2.831627,2.251939,2.096999,1.201278
2022-02-23,4.106804,2.781397,2.225491,2.079587,1.179969
2022-02-24,4.168608,2.823255,2.250533,2.10459,1.197726
2022-02-25,4.260584,2.885547,2.282744,2.126381,1.224153
2022-02-28,4.249683,2.878164,2.275232,2.126093,1.221021
2022-03-01,4.184959,2.834329,2.267295,2.140069,1.222617
2022-03-02,4.261946,2.822128,2.2843,2.162414,1.218576
2022-03-03,4.240728,2.822128,2.283079,2.180658,1.211291
2022-03-04,4.206274,2.825136,2.292287,2.243877,1.20145
2022-03-07,4.082276,2.821459,2.263217,2.28506,1.198685
2022-03-08,4.051326,2.817783,2.2716,2.335774,1.188398
2022-03-09,4.159945,2.816113,2.271948,2.208293,1.22026
2022-03-10,4.141161,2.813774,2.256263,2.198493,1.21475
2022-03-11,4.088505,2.812771,2.243805,2.209713,1.213102
2022-03-14,4.058626,2.805419,2.214047,2.160725,1.209931
2022-03-15,4.147877,2.806422,2.221811,2.113947,1.235328
2022-03-16,4.239853,2.803748,2.258171,2.111538,1.262721
2022-03-17,4.292897,2.802747,2.28847,2.167366,1.261007
2022-03-18,4.339917,2.802078,2.304574,2.16293,1.260706
2022-03-21,4.338647,2.792721,2.306702,2.211637,1.256496
2022-03-22,4.389415,2.790714,2.313624,2.201128,1.255593
2022-03-23,4.332887,2.793055,2.316589,2.243499,1.256646
2022-03-24,4.398202,2.792387,2.330639,2.240521,1.256346
2022-03-25,4.419681,2.784701,2.332812,2.244243,1.252888
2022-03-28,4.451119,2.782027,2.325104,2.175065,1.251685
2022-03-29,4.506183,2.783363,2.355974,2.179736,1.252286
2022-03-30,4.478357,2.785369,2.35775,2.208138,1.253188
2022-03-31,4.40943,2.785369,2.333429,2.18819,1.253188
2022-04-01,4.421927,2.779552,2.344676,2.188362,1.250571
2022-04-04,4.459807,2.800583,2.366598,2.203492,1.260033
2022-04-05,4.403474,2.765209,2.340924,2.184561,1.244118
2022-04-06,4.359442,2.737558,2.329029,2.180164,1.243772
2022-04-07,4.381409,2.751353,2.331212,2.179092,1.24467
2022-04-08,4.369693,2.743995,2.332966,2.187426,1.240097
2022-04-11,4.295006,2.697095,2.307409,2.161122,1.218902
2022-04-12,4.279092,2.687101,2.32037,2.178867,1.214385
2022-04-13,4.328103,2.717878,2.350839,2.208311,1.228294
2022-04-14,4.27421,2.684036,2.334197,2.20152,1.213
2022-04-18,4.275968,2.68514,2.339621,2.207209,1.211787
2022-04-19,4.344993,2.728485,2.348739,2.21622,1.209019
2022-04-20,4.341771,2.726462,2.352158,2.228756,1.206913
2022-04-21,4.276847,2.685691,2.329776,2.211424,1.203672
2022-04-22,4.159494,2.611998,2.283162,2.164151,1.203381
2022-04-25,4.183608,2.627141,2.278941,2.161179,1.209154
2022-04-26,4.062447,2.551057,2.247996,2.138362,1.174136
2022-04-27,4.07387,2.55823,2.245486,2.140623,1.177437
2022-04-28,4.176774,2.62285,2.28723,2.177753,1.207179
2022-04-29,4.022419,2.525921,2.22523,2.112114,1.162567
2022-05-02,4.046632,2.541126,2.223131,2.110091,1.16132
2022-05-03,4.065182,2.537359,2.225855,2.096758,1.16076
2022-05-04,4.188978,2.544099,2.272026,2.13977,1.163843
2022-05-05,4.04009,2.539809,2.231527,2.130046,1.16188
2022-05-06,4.015975,2.539503,2.223091,2.13294,1.16174
2022-05-09,3.887395,2.545937,2.147634,2.069262,1.164684
2022-05-10,3.896377,2.544405,2.131378,2.054397,1.16621
2022-05-11,3.834478,2.544712,2.139221,2.088027,1.147683
2022-05-12,3.830475,2.548389,2.137161,2.07695,1.146485
2022-05-13,3.922053,2.547471,2.167055,2.0828,1.173895
2022-05-16,3.90614,2.549002,2.1755,2.109824,1.169132
2022-05-17,3.98649,2.543486,2.184763,2.091721,1.165433
2022-05-18,3.825789,2.544712,2.135356,2.069638,1.165995
2022-05-19,3.802357,2.548389,2.14434,2.097984,1.167679
2022-05-20,3.804017,2.550227,2.14913,2.100219,1.168521
2022-05-23,3.87519,2.549002,2.171949,2.112989,1.189216
2022-05-24,3.845608,2.554823,2.176088,2.120186,1.180138
2022-05-25,3.879584,2.556663,2.18609,2.121325,1.179808
2022-05-26,3.957104,2.557275,2.202648,2.130963,1.18009
2022-05-27,4.054247,2.557888,2.237756,2.144158,1.180373
2022-05-31,4.031498,2.553904,2.218364,2.126158,1.178535
2022-06-01,3.998888,2.549152,2.215516,2.138096,1.176341
2022-06-02,4.075043,2.549765,2.254892,2.185788,1.176625
2022-06-03,4.008164,2.548845,2.250502,2.206465,1.156138
2022-06-06,4.020368,2.545472,2.251848,2.216064,1.153451
2022-06-07,4.058932,2.545778,2.274868,2.230833,1.15359
2022-06-08,4.014803,2.543938,2.258806,2.250771,1.152756
2022-06-09,3.91932,2.542098,2.233884,2.254464,1.151923
2022-06-10,3.805678,2.531366,2.198145,2.23231,1.14706
2022-06-13,3.661182,2.518487,2.130842,2.207203,1.102361
2022-06-14,3.650149,2.51358,2.110967,2.182835,1.099039
2022-06-15,3.702188,2.523393,2.136702,2.184311,1.114707
2022-06-16,3.579659,2.526766,2.113311,2.193911,1.077814
2022-06-17,3.587376,2.526153,2.083624,2.115637,1.076475
2022-06-21,3.677684,2.525233,2.095571,2.110467,1.076083
2022-06-22,3.671016,2.532592,2.090189,2.072807,1.073056
2022-06-23,3.707002,2.53474,2.086589,2.026285,1.072893
2022-06-24,3.824861,2.534125,2.118672,2.045485,1.072633
2022-06-27,3.810251,2.531366,2.114784,2.041054,1.071465
2022-06-28,3.732398,2.530752,2.114558,2.065422,1.071205
2022-06-29,3.729357,2.533818,2.089853,2.029977,1.072503
2022-06-30,3.69906,2.538725,2.055597,1.967209,1.062717
2022-07-01,3.738182,2.546368,2.079113,1.976809,1.073957
2022-07-05,3.745242,2.546061,1.986126,1.84389,1.075985
2022-07-06,3.757891,2.539002,1.955679,1.816567,1.079619
2022-07-07,3.814174,2.53716,1.996766,1.891888,1.077756
2022-07-08,3.811036,2.534091,2.014733,1.925118,1.076452
2022-07-11,3.7675,2.53501,2.007401,1.921426,1.076843
2022-07-12,3.734162,2.536238,1.958153,1.83429,1.077365
2022-07-13,3.714552,2.533477,1.968358,1.844628,1.070629
2022-07-14,3.705531,2.532556,1.945472,1.827644,1.068029
2022-07-15,3.776325,2.534397,1.956095,1.851274,1.088434
2022-07-18,3.745145,2.532863,1.975354,1.885981,1.079447
2022-07-19,3.846335,2.530099,1.981579,1.893365,1.07719
2022-07-20,3.870849,2.529793,1.97149,1.891888,1.07706
2022-07-21,3.910266,2.536852,1.968855,1.860135,1.080065
2022-07-22,3.873986,2.5433,1.959588,1.837982,1.08281
2022-07-25,3.878693,2.54115,1.974619,1.871212,1.081895
2022-07-26,3.832805,2.539922,1.975396,1.874904,1.081372
2022-07-27,3.932328,2.543912,2.008019,1.917734,1.083071
2022-07-28,3.981648,2.549438,2.021026,1.919211,1.095572
2022-07-29,4.039696,2.549131,2.028533,1.928072,1.111544
2022-08-01,4.027734,2.549069,2.013692,1.888935,1.110406
2022-08-02,4.001162,2.540158,2.002452,1.879335,1.106524
2022-08-03,4.063817,2.541079,1.985142,1.863089,1.106925
2022-08-04,4.061073,2.54446,1.963898,1.843151,1.105071
2022-08-05,4.054207,2.534013,1.956816,1.836505,1.099428
2022-08-08,4.049501,2.536471,1.980421,1.858659,1.100495
2022-08-09,4.033421,2.534013,1.996944,1.874166,1.095024
2022-08-10,4.118139,2.536471,2.024483,1.900011,1.118024
2022-08-11,4.118139,2.53555,2.063824,1.936933,1.118024
2022-08-12,4.187855,2.536163,2.052808,1.926595,1.117177
2022-08-15,4.205111,2.538315,2.02763,1.902965,1.118124
2022-08-16,4.213349,2.536163,2.004812,1.88155,1.117177
2022-08-17,4.183442,2.534013,2.01268,1.888935,1.116229
2022-08-18,4.195601,2.5377,2.043366,1.917734,1.117853
2022-08-19,4.139221,2.535857,2.042579,1.916995,1.117042
2022-08-22,4.053032,2.532477,2.060677,1.93398,1.115553
2022-08-23,4.043226,2.533707,2.094509,1.965733,1.116094
2022-08-24,4.056169,2.530941,2.11654,1.986409,1.118551
2022-08-25,4.113432,2.532477,2.086641,1.958348,1.134342
2022-08-26,3.974197,2.531862,2.095296,1.966471,1.095946
2022-08-29,3.947919,2.530018,2.125982,1.99527,1.094051
2022-08-30,3.904579,2.52879,2.066971,1.939887,1.09352
2022-08-31,3.874869,2.528482,2.023696,1.899273,1.084106
2022-09-01,3.887028,2.526637,1.980421,1.858659,1.087508
2022-09-02,3.84604,2.532174,1.993797,1.871212,1.076041
2022-09-06,3.83153,2.526637,1.981995,1.860135,1.071981
2022-09-07,3.900363,2.530327,1.934785,1.815829,1.091239
2022-09-08,3.925857,2.527251,1.942654,1.823213,1.098372
2022-09-09,3.986845,2.525098,1.997731,1.874904,1.096337
2022-09-12,4.029695,2.524791,2.025269,1.90075,1.096204
2022-09-13,3.854473,2.516177,2.015041,1.89115,1.092464
2022-09-14,3.869182,2.514023,2.023696,1.899273,1.091529
2022-09-15,3.825253,2.511255,1.964684,1.84389,1.090327
2022-09-16,3.796071,2.512485,1.957603,1.837244,1.080919
2022-09-19,3.825509,2.509716,1.963898,1.843151,1.089301
2022-09-20,3.781598,2.508487,1.961537,1.840936,1.076798
2022-09-21,3.715633,2.506332,1.949735,1.829859,1.058014
2022-09-22,3.684423,2.501718,1.955243,1.835028,1.049127
2022-09-23,3.622691,2.498641,1.88915,1.772999,1.031549
2022-09-26,3.586853,2.493104,1.845088,1.731647,1.021345
2022-09-27,3.577696,2.493104,1.864759,1.750108,1.018737
2022-09-28,3.648092,2.503871,1.916689,1.798845,1.038782
2022-09-29,3.571888,2.500487,1.904886,1.787768,1.017083
2022-09-30,3.516653,2.498334,1.881282,1.765615,1.01519
2022-10-03,3.609497,2.503817,1.92377,1.805491,1.017418
2022-10-04,3.721343,2.504741,1.9757,1.804352,1.047927
2022-10-05,3.712679,2.502277,2.011107,1.802577,1.045487
2022-10-06,3.674379,2.499197,2.023696,1.800358,1.043155
2022-10-07,3.571888,2.496115,2.04494,1.798138,1.041868
2022-10-10,3.544615,2.495192,2.022123,1.797473,1.032872
2022-10-11,3.522167,2.496424,1.99301,1.79836,1.02633
2022-10-12,3.510549,2.498889,1.99301,1.800136,1.022945
2022-10-13,3.603196,2.491494,2.020549,1.794809,1.049942
2022-10-14,3.521083,2.490262,1.980421,1.793922,1.026014
2022-10-17,3.611565,2.493036,1.9757,1.79592,1.026131
2022-10-18,3.653999,2.494268,1.954456,1.796808,1.026638
2022-10-19,3.628105,2.489647,1.953669,1.793479,1.024736
2022-10-20,3.597683,2.486875,1.955243,1.791482,1.023595
2022-10-21,3.685112,2.493344,1.957603,1.796141,1.026258
2022-10-24,3.730204,2.492726,1.963111,1.795697,1.037789
2022-10-25,3.78977,2.495192,1.974126,1.797473,1.037778
2022-10-26,3.761218,2.497348,2.011107,1.799026,1.038675
2022-10-27,3.741133,2.502584,2.014254,1.802798,1.040852
2022-10-28,3.830138,2.498889,1.990649,1.800136,1.039315
2022-10-31,3.802471,2.495192,1.976487,1.797473,1.030769
2022-11-01,3.785832,2.492754,2.006386,1.795717,1.028731
2022-11-02,3.690822,2.49152,2.024483,1.794827,1.028222
2022-11-03,3.652818,2.486891,2.022909,1.791493,1.016606
2022-11-04,3.705393,2.489668,2.091362,1.793494,1.031238
2022-11-07,3.740837,2.487508,2.073265,1.791938,1.041102
2022-11-08,3.761021,2.489978,2.048087,1.793717,1.046719
2022-11-09,3.683536,2.493989,2.000878,1.796606,1.047359
2022-11-10,3.885962,2.507566,2.018975,1.806387,1.053061
2022-11-11,3.923572,2.506948,2.057529,1.805942,1.052801
2022-11-14,3.890195,2.504789,2.026843,1.804386,1.051894
2022-11-15,3.923375,2.507256,2.050448,1.806164,1.052931
2022-11-16,3.893445,2.507566,2.02763,1.806387,1.053061
2022-11-17,3.88153,2.504479,1.993797,1.804163,1.051764
2022-11-18,3.899155,2.501703,1.979634,1.802163,1.050598
2022-11-21,3.884978,2.501086,1.972553,1.801719,1.045728
2022-11-22,3.937257,2.502937,1.99301,1.803052,1.0598
2022-11-23,3.962069,2.505097,1.965471,1.804608,1.066479
2022-11-25,3.961182,2.505405,1.948161,1.80483,1.065543
2022-11-28,3.897973,2.506023,1.936359,1.805275,1.065806
2022-11-29,3.891279,2.505097,1.961537,1.804608,1.065412
2022-11-30,4.013857,2.512503,2.005599,1.809944,1.097908
2022-12-01,4.010902,2.517914,1.995371,1.813842,1.0971
2022-12-02,4.006275,2.512492,1.974126,1.813397,1.095734
2022-12-05,3.934205,2.467294,1.922983,1.808273,1.092638
2022-12-06,3.877495,2.431729,1.892297,1.810278,1.075795
2022-12-07,3.870898,2.427592,1.882856,1.814065,1.073965
2022-12-08,3.901222,2.446609,1.879708,1.812282,1.082378
2022-12-09,3.872079,2.428332,1.882069,1.811391,1.074293
2022-12-12,3.927904,2.463342,1.902526,1.810278,1.072558
2022-12-13,3.957638,2.48199,1.933999,1.815623,1.075725
2022-12-14,3.932334,2.466121,1.948948,1.815847,1.075858
2022-12-15,3.836142,2.405795,1.925344,1.816092,1.076003
2022-12-16,3.790853,2.377392,1.900952,1.817878,1.077061
2022-12-19,3.758708,2.357233,1.89739,1.815646,1.066851
2022-12-20,3.763851,2.360459,1.906098,1.815646,1.068311
2022-12-21,3.82013,2.395753,1.930636,1.817432,1.084285
2022-12-22,3.76563,2.361574,1.906098,1.816315,1.068816
2022-12-23,3.787292,2.375159,1.940926,1.815423,1.067221
2022-12-27,3.772357,2.365793,1.958341,1.812967,1.065778
2022-12-28,3.725474,2.336391,1.936177,1.812967,1.065778
2022-12-29,3.792534,2.378447,1.933802,1.814306,1.066565
2022-12-30,3.782544,2.372182,1.951217,1.812073,1.062689
2023-01-03,3.76662,2.362195,1.904514,1.813636,1.058215
2023-01-04,3.7957,2.36216,1.870477,1.815423,1.0582
2023-01-05,3.752378,2.358965,1.860978,1.812967,1.045063
2023-01-06,3.838428,2.367969,1.871268,1.819887,1.069029
2023-01-09,3.836252,2.370293,1.893432,1.821673,1.068423
2023-01-10,3.863154,2.36826,1.893432,1.82011,1.075915
2023-01-11,3.912016,2.370293,1.92747,1.821673,1.075764
2023-01-12,3.926258,2.375522,1.943301,1.825692,1.078136
2023-01-13,3.94149,2.371455,1.962299,1.822566,1.076291
2023-01-17,3.93427,2.372907,1.975756,1.823682,1.07695
2023-01-18,3.872155,2.378136,1.954383,1.827701,1.079323
2023-01-19,3.843966,2.377555,1.974172,1.827254,1.079059
2023-01-20,3.915576,2.375522,1.986046,1.825692,1.098082
2023-01-23,3.962557,2.373198,1.990795,1.823905,1.111257
2023-01-24,3.958304,2.374069,1.979713,1.824576,1.110554
2023-01-25,3.959788,2.375522,1.974172,1.825692,1.111234
2023-01-26,4.003307,2.374069,1.982879,1.824576,1.110554
2023-01-27,4.012506,2.374069,1.960716,1.824576,1.110554
2023-01-30,3.962162,2.371745,1.935386,1.822789,1.109467
2023-01-31,4.020418,2.376103,1.968631,1.826139,1.111506
2023-02-01,4.063147,2.380235,1.931428,1.829314,1.113439
2023-02-02,4.122294,2.412504,1.903297,1.789523,1.113575
2023-02-03,4.078478,2.386861,1.855578,1.74486,1.109491
2023-02-06,4.053553,2.372274,1.860255,1.748482,1.10636
2023-02-07,4.106568,2.403301,1.878786,1.750091,1.106904
2023-02-08,4.061665,2.377021,1.883055,1.754417,1.093693
2023-02-09,4.026452,2.356414,1.868207,1.740535,1.084212
2023-02-10,4.035849,2.361913,1.883227,1.743855,1.086742
2023-02-13,4.083226,2.38964,1.876512,1.735002,1.099499
2023-02-14,4.081346,2.38854,1.880311,1.73631,1.098993
2023-02-15,4.0946,2.396296,1.860908,1.719008,1.09803
2023-02-16,4.038223,2.363302,1.857443,1.7176,1.098165
2023-02-17,4.028134,2.357398,1.85326,1.72273,1.099112
2023-02-21,3.947325,2.310106,1.850963,1.716292,1.096946
2023-02-22,3.941886,2.306923,1.833741,1.706636,1.094338
2023-02-23,3.962855,2.319195,1.840257,1.70573,1.100159
2023-02-24,3.920521,2.29442,1.830538,1.693458,1.088407
2023-02-27,3.933874,2.302234,1.834899,1.700097,1.08826
2023-02-28,3.919334,2.293725,1.84179,1.707843,1.087991
2023-03-01,3.9043,2.284926,1.862996,1.717701,1.085998
2023-03-02,3.934666,2.302698,1.855128,1.716622,1.086402
2023-03-03,3.997769,2.339627,1.884403,1.717685,1.102739
2023-03-06,4.000539,2.341249,1.875158,1.716835,1.103503
2023-03-07,3.939215,2.30536,1.836638,1.713219,1.100076
2023-03-08,3.945645,2.309123,1.826623,1.712368,1.09953
2023-03-09,3.872847,2.266519,1.804281,1.717897,1.078144
2023-03-10,3.816965,2.233815,1.823541,1.727257,1.062587
2023-03-13,3.811524,2.230631,1.811985,1.744485,1.061072
2023-03-14,3.874529,2.267504,1.788873,1.737891,1.078612
2023-03-15,3.850297,2.253322,1.747272,1.7481,1.071866
2023-03-16,3.917851,2.292857,1.752665,1.741081,1.066491
2023-03-17,3.87204,2.266047,1.747272,1.749802,1.071832
2023-03-20,3.909272,2.287836,1.754205,1.747676,1.07053
2023-03-21,3.960604,2.317877,1.760368,1.741081,1.066491
2023-03-22,3.893089,2.278366,1.764991,1.749164,1.071441
2023-03-23,3.903614,2.284525,1.760368,1.754268,1.074568
2023-03-24,3.92923,2.299516,1.768843,1.755119,1.075089
2023-03-27,3.936576,2.303816,1.80197,1.747676,1.07053
2023-03-28,3.92774,2.298644,1.810445,1.745761,1.069357
2023-03-29,3.984829,2.332055,1.798889,1.745123,1.068966
2023-03-30,4.008162,2.34571,1.811985,1.745335,1.069096
2023-03-31,4.064655,2.378771,1.828934,1.747462,1.070399
2023-04-03,4.080143,2.387836,1.85898,1.749594,1.071705
2023-04-04,4.057506,2.374588,1.891774,1.780458,1.074186
2023-04-05,4.046884,2.368371,1.890264,1.779038,1.075622
2023-04-06,4.062669,2.377609,1.876779,1.766346,1.07523
2023-04-10,4.066839,2.38005,1.862891,1.753275,1.075258
2023-04-11,4.067932,2.380689,1.874666,1.764357,1.075547
2023-04-12,4.05135,2.370985,1.883824,1.772976,1.075651
2023-04-13,4.105163,2.402478,1.909285,1.796939,1.076306
2023-04-14,4.095135,2.39661,1.875471,1.765114,1.0726
2023-04-17,4.10983,2.405209,1.867118,1.757253,1.069958
2023-04-18,4.11251,2.406778,1.874364,1.764073,1.069697
2023-04-19,4.111816,2.406372,1.865407,1.755643,1.068782
2023-04-20,4.089377,2.39324,1.872754,1.762557,1.071396
2023-04-21,4.092555,2.395099,1.854236,1.745129,1.070742
2023-04-24,4.096824,2.397598,1.859872,1.750433,1.070788
2023-04-25,4.031791,2.359539,1.869332,1.759337,1.053791
2023-04-26,4.014714,2.349544,1.859168,1.749771,1.051457
2023-04-27,4.094639,2.396319,1.859268,1.749865,1.071339
2023-04-28,4.129588,2.416772,1.859772,1.750339,1.080483
2023-05-01,4.125418,2.414332,1.851419,1.742477,1.077043
2023-05-02,4.079051,2.387197,1.845063,1.741611,1.080598
2023-05-03,4.051052,2.370811,1.843994,1.74425,1.08323
2023-05-04,4.022359,2.354019,1.841396,1.745092,1.074475
2023-05-05,4.096824,2.397598,1.859264,1.756901,1.094366
2023-05-08,4.097916,2.398237,1.861236,1.759229,1.094658
2023-05-09,4.079945,2.38772,1.857657,1.75729,1.093296
2023-05-10,4.099008,2.398876,1.86327,1.761634,1.095961
2023-05-11,4.09186,2.394693,1.858837,1.757069,1.092954
2023-05-12,4.086498,2.391555,1.854942,1.752928,1.091522
2023-05-15,4.100596,2.399805,1.863597,1.761817,1.090563
2023-05-16,4.073193,2.383768,1.850762,1.749563,1.082185
2023-05-17,4.122637,2.412705,1.862533,1.75732,1.079916
2023-05-18,4.162352,2.435947,1.868928,1.759722,1.07794
2023-05-19,4.156296,2.432403,1.874564,1.767651,1.077149
2023-05-22,4.157983,2.43339,1.875357,1.768409,1.076755
2023-05-23,4.111319,2.406081,1.857843,1.753005,1.076623
2023-05-24,4.081534,2.38865,1.841567,1.736761,1.075306
2023-05-25,4.116879,2.409335,1.851685,1.74447,1.083543
2023-05-26,4.170195,2.440537,1.875893,1.767349,1.097575
2023-05-30,4.171784,2.441467,1.876357,1.767706,1.097993
2023-05-31,4.148651,2.427929,1.866949,1.759156,1.097972
2023-06-01,4.188067,2.450996,1.887396,1.779274,1.099683
2023-06-02,4.248632,2.486441,1.896918,1.782666,1.114486
2023-06-05,4.24049,2.481676,1.896457,1.783227,1.112351
2023-06-06,4.249723,2.48708,1.901868,1.788716,1.110692
2023-06-07,4.235029,2.47848,1.882266,1.766196,1.109872
2023-06-08,4.260645,2.493471,1.902148,1.787511,1.111647
2023-06-09,4.268289,2.497945,1.902746,1.787191,1.109599
2023-06-12,4.307011,2.520606,1.916743,1.799316,1.110555
2023-06-13,4.335408,2.537225,1.92459,1.805183,1.108507
2023-06-14,4.340569,2.540246,1.930718,1.81213,1.107825
2023-06-15,4.394383,2.571739,1.950954,1.829966,1.110146
2023-06-16,4.379415,2.56298,1.944412,1.823861,1.108644
2023-06-20,4.356693,2.549682,1.929737,1.808663,1.109053
2023-06-21,4.334371,2.536618,1.920726,1.80049,1.109053
2023-06-22,4.350017,2.545775,1.920384,1.797896,1.111948
2023-06-23,4.31713,2.526528,1.905859,1.784295,1.103541
2023-06-26,4.299492,2.516206,1.898958,1.778111,1.099033
2023-06-27,4.346628,2.543792,1.914287,1.790752,1.111082
2023-06-28,4.34882,2.545075,1.914692,1.790956,1.111642
2023-06-29,4.365961,2.555106,1.91444,1.788288,1.107794
2023-06-30,4.417482,2.585258,1.936538,1.808776,1.108204
2023-07-03,4.422564,2.588232,1.938244,1.810207,1.106916
2023-07-05,4.415987,2.584383,1.927198,1.801941,1.106641
2023-07-06,4.381408,2.564146,1.903987,1.782263,1.105957
2023-07-07,4.370346,2.557672,1.913838,1.783265,1.10719
2023-07-10,4.381408,2.564146,1.921599,1.786641,1.108886
2023-07-11,4.409311,2.580476,1.935844,1.798737,1.115948
2023-07-12,4.444788,2.601238,1.963776,1.822583,1.124926
2023-07-13,4.480066,2.621884,1.984307,1.847443,1.12699
2023-07-14,4.477275,2.62025,1.976032,1.843447,1.124082
2023-07-17,4.492821,2.629349,1.984012,1.850571,1.124497
2023-07-18,4.526206,2.648886,1.99678,1.864214,1.124497
2023-07-19,4.53627,2.654776,1.998074,1.865116,1.124913
2023-07-20,4.506174,2.637163,1.979431,1.843477,1.123527
2023-07-21,4.506174,2.637163,1.976562,1.842882,1.123666
2023-07-24,4.526306,2.648945,1.981654,1.845113,1.122281
2023-07-25,4.538662,2.656176,1.989705,1.851627,1.124223
2023-07-26,4.53936,2.656585,1.99572,1.85134,1.124208
2023-07-27,4.509264,2.638971,1.978339,1.844361,1.122545
2023-07-28,4.553411,2.664808,2.004811,1.865987,1.12407
2023-07-31,4.562081,2.669882,2.010649,1.867663,1.125087
2023-08-01,4.549026,2.662241,1.995485,1.856661,1.121867
2023-08-02,4.485745,2.625208,1.963307,1.82294,1.1213
2023-08-03,4.47289,2.617684,1.961201,1.818541,1.121716
2023-08-04,4.45266,2.605845,1.959227,1.814646,1.115521
2023-08-07,4.491525,2.62859,1.966594,1.83016,1.125258
2023-08-08,4.471994,2.61716,1.952296,1.818632,1.120365
2023-08-09,4.442097,2.599663,1.943174,1.807747,1.112875
2023-08-10,4.443691,2.600596,1.943979,1.81166,1.113274
2023-08-11,4.441101,2.59908,1.935236,1.803383,1.112625
2023-08-14,4.465615,2.613427,1.936118,1.81078,1.118767
2023-08-15,4.413596,2.582984,1.916126,1.789863,1.105734
2023-08-16,4.381209,2.564029,1.899168,1.774288,1.104082
2023-08-17,4.347824,2.544491,1.887571,1.759117,1.105311
2023-08-18,4.349917,2.545716,1.886978,1.758664,1.104737
2023-08-21,4.378218,2.562279,1.896401,1.774105,1.111925
2023-08-22,4.36636,2.555339,1.893428,1.770562,1.108913
2023-08-23,4.414991,2.5838,1.916931,1.792852,1.109861
2023-08-24,4.353804,2.547991,1.895573,1.763599,1.109176
2023-08-25,4.384497,2.565954,1.903639,1.776261,1.108491
2023-08-28,4.4123,2.582225,1.918219,1.790711,1.109176
2023-08-29,4.476079,2.619551,1.945439,1.819777,1.111642
2023-08-30,4.494516,2.63034,1.949377,1.82532,1.111642
2023-08-31,4.487938,2.626491,1.943487,1.823882,1.112738
2023-09-01,4.496309,2.63139,1.95138,1.824033,1.112133
2023-09-05,4.476876,2.620017,1.935436,1.816905,1.11076
2023-09-06,4.446781,2.602404,1.925267,1.806217,1.109525
2023-09-07,4.433128,2.594414,1.914407,1.798105,1.111584
2023-09-08,4.439805,2.598322,1.91494,1.798995,1.112147
2023-09-11,4.469003,2.61541,1.929422,1.816223,1.119461
2023-09-12,4.444488,2.601063,1.919824,1.803721,1.11332
2023-09-13,4.44967,2.604095,1.917171,1.804844,1.11317
2023-09-14,4.488037,2.626549,1.933545,1.822875,1.112895
2023-09-15,4.433964,2.594904,1.920952,1.803791,1.112345
2023-09-18,4.436564,2.596425,1.9197,1.802664,1.112208
2023-09-19,4.427364,2.591041,1.915193,1.800645,1.111383
2023-09-20,4.386662,2.567221,1.902616,1.785044,1.100054
2023-09-21,4.314158,2.524789,1.873587,1.75442,1.081872
2023-09-22,4.304456,2.519111,1.877186,1.753689,1.079439
2023-09-25,4.322558,2.529705,1.877006,1.756331,1.083978
2023-09-26,4.259054,2.49254,1.852734,1.731368,1.068053
2023-09-27,4.260754,2.493535,1.852555,1.731858,1.06848
2023-09-28,4.285456,2.507991,1.861512,1.744749,1.074674
2023-09-29,4.275055,2.501905,1.855677,1.742077,1.072066
2023-10-02,4.273355,2.50091,1.844135,1.738183,1.069918
2023-10-03,4.216151,2.467432,1.82257,1.717106,1.069123
2023-10-04,4.246853,2.4854,1.820513,1.713048,1.075839
2023-10-05,4.245253,2.484463,1.821114,1.707816,1.075434
2023-10-06,4.295656,2.513961,1.840037,1.726263,1.088202
2023-10-09,4.323158,2.530056,1.853273,1.74491,1.090346
2023-10-10,4.345659,2.543224,1.865455,1.749729,1.089673
2023-10-11,4.36346,2.553642,1.871197,1.752928,1.089404
2023-10-12,4.336859,2.538075,1.856455,1.747094,1.088059
2023-10-13,4.315257,2.525432,1.861694,1.752268,1.088732
2023-10-16,4.36066,2.552003,1.873555,1.763137,1.088059
2023-10-17,4.360459,2.551886,1.876357,1.762846,1.086921
2023-10-18,4.302356,2.517882,1.861256,1.752512,1.072437
2023-10-19,4.264555,2.49576,1.854302,1.747974,1.072827
2023-10-20,4.212151,2.465091,1.836839,1.72775,1.058571
2023-10-23,4.204851,2.460819,1.832379,1.724823,1.056736
2023-10-24,4.236553,2.479372,1.841164,1.728534,1.064704
2023-10-25,4.175748,2.443787,1.824284,1.71036,1.049423
2023-10-26,4.125746,2.414524,1.811917,1.687851,1.050449
2023-10-27,4.107045,2.40358,1.814419,1.695528,1.051098
2023-10-30,4.156148,2.432316,1.822271,1.699609,1.062613
2023-10-31,4.18225,2.447592,1.824484,1.703804,1.069287
2023-11-01,4.226852,2.473695,1.837749,1.720645,1.0706
2023-11-02,4.307857,2.471526,1.866121,1.737975,1.070732
2023-11-03,4.347159,2.47824,1.886846,1.751347,1.07364
2023-11-06,4.35716,2.473662,1.887459,1.748095,1.071657
2023-11-07,4.36956,2.475493,1.887568,1.752735,1.072451
2023-11-08,4.37276,2.474883,1.881295,1.744564,1.072186
2023-11-09,4.338658,2.471221,1.873385,1.741325,1.0706
2023-11-10,4.406362,2.471831,1.887913,1.751401,1.070864
2023-11-13,4.402162,2.472747,1.889364,1.753548,1.068772
2023-11-14,4.487568,2.482512,1.927907,1.780242,1.089508
2023-11-15,4.497068,2.477935,1.930633,1.778566,1.086409
2023-11-16,4.502568,2.482207,1.931824,1.789364,1.088282
2023-11-17,4.508168,2.480376,1.938076,1.789475,1.087479
2023-11-20,4.542871,2.480681,1.951428,1.798907,1.087613
2023-11-21,4.53297,2.482207,1.948561,1.803393,1.088282
2023-11-22,4.550471,2.482512,1.950134,1.803241,1.088416
2023-11-24,4.553272,2.480681,1.95503,1.806659,1.087613
2023-11-27,4.545071,2.483732,1.953689,1.811957,1.088951
2023-11-28,4.549572,2.48831,1.963692,1.82641,1.090958
2023-11-29,4.546371,2.493193,1.962154,1.826872,1.093099
2023-11-30,4.564272,2.491667,1.961547,1.820768,1.09243
2023-12-01,4.591274,2.498922,1.977567,1.839091,1.095611
2023-12-04,4.567172,2.483305,1.962552,1.816319,1.094
2023-12-05,4.566273,2.482816,1.954528,1.815432,1.095342
2023-12-06,4.547871,2.472811,1.952522,1.811724,1.095073
2023-12-07,4.582573,2.491679,1.965596,1.825767,1.102334
2023-12-08,4.602274,2.502391,1.966153,1.822977,1.107073
2023-12-11,4.620175,2.512124,1.97003,1.823821,1.111379
2023-12-12,4.641277,2.523598,1.974299,1.831108,1.110404
2023-12-13,4.705281,2.558399,2.009647,1.861059,1.11599
2023-12-14,4.720382,2.56661,2.029088,1.866149,1.117903
2023-12-15,4.71261,2.562384,2.018918,1.86243,1.116673
2023-12-18,4.739118,2.576797,2.025225,1.872654,1.116537
2023-12-19,4.767936,2.592466,2.04357,1.883893,1.116947
2023-12-20,4.701865,2.556542,2.015703,1.862439,1.11845
2023-12-21,4.746449,2.580783,2.042645,1.879939,1.119543
2023-12-22,4.755987,2.585969,2.047205,1.884914,1.119953
2023-12-26,4.776069,2.596889,2.06201,1.896202,1.119407
2023-12-27,4.784705,2.601584,2.069925,1.9015,1.120773
2023-12-28,4.786512,2.602566,2.068333,1.897745,1.120637
2023-12-29,4.772655,2.595032,2.059872,1.892185,1.121183
2024-01-02,4.745945,2.580509,2.041457,1.876497,1.119817
2024-01-03,4.707187,2.559435,2.018866,1.847466,1.12009
2024-01-04,4.692025,2.551191,2.011965,1.841109,1.115362
2024-01-05,4.698452,2.554686,2.009354,1.840872,1.116889
2024-01-08,4.765527,2.591156,2.03014,1.873365,1.132834
2024-01-09,4.758297,2.587225,2.018884,1.868064,1.131115
2024-01-10,4.785207,2.601857,2.021748,1.876157,1.129984
2024-01-11,4.783098,2.60071,2.020761,1.872278,1.132603
2024-01-12,4.786411,2.602512,2.026096,1.871999,1.134946
2024-01-16,4.76884,2.592957,2.002895,1.861929,1.133154
2024-01-17,4.742331,2.578544,1.984471,1.850555,1.130949
2024-01-18,4.784504,2.601475,1.994302,1.868443,1.131501
2024-01-19,4.844148,2.633905,2.012472,1.894538,1.144474
2024-01-22,4.85439,2.639474,2.019309,1.910186,1.146894
2024-01-23,4.868549,2.647172,2.019086,1.912838,1.145607
2024-01-24,4.87387,2.650066,2.016259,1.911835,1.145049
2024-01-25,4.900379,2.66448,2.026944,1.921358,1.147143
2024-01-26,4.894153,2.661094,2.025065,1.916762,1.146445
2024-01-29,4.932912,2.682168,2.042077,1.939547,1.147562
2024-01-30,4.929096,2.680094,2.035911,1.929231,1.146864
2024-01-31,4.848667,2.636362,2.017766,1.890433,1.148958
2024-02-01,4.912127,2.670867,2.044445,1.914464,1.150666
2024-02-02,4.963839,2.698984,2.045634,1.926274,1.161629
2024-02-05,4.945765,2.689157,2.033979,1.919681,1.1574
2024-02-06,4.960124,2.696964,2.042639,1.924192,1.158082
2024-02-07,5.001493,2.719458,2.048975,1.9358,1.157658
2024-02-08,5.003702,2.720659,2.055051,1.936164,1.157375
2024-02-09,5.03262,2.736383,2.067987,1.948483,1.156951
2024-02-12,5.030411,2.735182,2.073332,1.946778,1.157092
2024-02-13,4.961127,2.69751,2.031998,1.91774,1.153416
2024-02-14,5.006213,2.722024,2.053859,1.937659,1.155112
2024-02-15,5.040754,2.740805,2.076281,1.951349,1.161927
2024-02-16,5.015651,2.727156,2.066978,1.943239,1.156141
2024-02-20,4.988038,2.712142,2.060074,1.937423,1.155692
2024-02-21,4.992556,2.714599,2.057197,1.935931,1.154702
2024-02-22,5.09588,2.770779,2.08568,1.975439,1.177445
2024-02-23,5.099394,2.77269,2.088577,1.974805,1.178257
2024-02-26,5.080718,2.762535,2.087936,1.971112,1.176213
2024-02-27,5.090156,2.767667,2.096324,1.975698,1.176213
2024-02-28,5.083429,2.764009,2.088409,1.967498,1.177366
2024-02-29,5.101704,2.773946,2.099636,1.977178,1.178087
2024-03-01,5.1496,2.799988,2.126371,1.999687,1.180399
2024-03-04,5.144077,2.796985,2.130375,1.994885,1.179243
2024-03-05,5.092666,2.769032,2.113836,1.975107,1.18011
2024-03-06,5.118472,2.783063,2.131455,1.990379,1.180399
2024-03-07,5.16928,2.810689,2.148774,2.014887,1.190936
2024-03-08,5.138253,2.793819,2.147138,1.998965,1.183788
2024-03-11,5.133836,2.791416,2.141332,1.992134,1.181591
2024-03-12,5.189062,2.821445,2.150388,2.014106,1.180435
2024-03-13,5.180928,2.817022,2.148419,2.007978,1.177404
2024-03-14,5.170687,2.811453,2.13186,2.00008,1.175217
2024-03-15,5.135181,2.792148,2.12333,1.987831,1.174496
2024-03-18,5.165701,2.808743,2.12736,1.997921,1.180302
2024-03-19,5.194408,2.824351,2.129685,2.004463,1.186861
2024-03-20,5.242452,2.850475,2.154429,2.025669,1.197838
2024-03-21,5.259776,2.859894,2.162565,2.030757,1.196641
2024-03-22,5.249805,2.854473,2.148867,2.028806,1.19752
2024-03-25,5.235301,2.846586,2.146271,2.02304,1.196934
2024-03-26,5.225632,2.841329,2.144034,2.020375,1.197227
2024-03-27,5.269546,2.865206,2.166818,2.032391,1.20609
2024-03-28,5.268539,2.864659,2.173793,2.02949,1.20586
2024-04-01,5.259373,2.859675,2.168157,2.026865,1.202139
2024-04-02,5.225933,2.841493,2.160848,2.003641,1.20273
2024-04-03,5.231675,2.844614,2.171128,2.01025,1.202849
2024-04-04,5.167816,2.809893,2.155031,1.985119,1.188167
2024-04-05,5.221804,2.839248,2.170728,2.002037,1.20058
2024-04-08,5.224725,2.840835,2.180048,2.006263,1.201251
2024-04-09,5.230768,2.844122,2.187883,2.012146,1.202641
2024-04-10,5.178392,2.815643,2.155664,1.981864,1.196562
2024-04-11,5.217473,2.836893,2.171879,2.00187,1.198038
2024-04-12,5.145455,2.797734,2.141895,1.970146,1.198776
2024-04-15,5.080992,2.762684,2.128496,1.941497,1.198333
2024-04-16,5.071726,2.757646,2.117063,1.937997,1.197595
2024-04-17,5.04171,2.741325,2.10143,1.919469,1.18931
2024-04-18,5.031336,2.735684,2.100326,1.913971,1.186863
2024-04-19,4.98742,2.711806,2.09539,1.896195,1.176503
2024-04-22,5.03335,2.73678,2.105115,1.915441,1.187338
2024-04-23,5.093079,2.769256,2.124489,1.943236,1.201428
2024-04-24,5.090662,2.767942,2.124142,1.94222,1.200857
2024-04-25,5.071323,2.757427,2.121133,1.932704,1.19877
2024-04-26,5.119368,2.78355,2.136678,1.954913,1.199065
2024-04-29,5.137498,2.793408,2.146449,1.965123,1.202112
2024-04-30,5.056114,2.749157,2.111261,1.929095,1.199431
2024-05-01,5.039696,2.74023,2.107372,1.923703,1.201833
2024-05-02,5.086834,2.76586,2.131259,1.935264,1.203612
2024-05-03,5.149887,2.800144,2.150108,1.955711,1.217328
2024-05-06,5.20307,2.829061,2.169693,1.976441,1.215961
2024-05-07,5.208811,2.832183,2.16816,1.974242,1.21611
2024-05-08,5.209314,2.832457,2.163429,1.971981,1.215811
2024-05-09,5.239329,2.848776,2.178432,1.987574,1.216858
2024-05-10,5.246079,2.852446,2.180457,1.995365,1.215811
2024-05-13,5.246782,2.852829,2.182736,1.989538,1.21611
2024-05-14,5.270857,2.865919,2.194713,2.002458,1.217307
2024-05-15,5.336125,2.901407,2.219188,2.029727,1.219551
2024-05-16,5.325145,2.895437,2.214135,2.024326,1.218653
2024-05-17,5.332801,2.8996,2.225583,2.0361,1.217906
2024-05-20,5.338946,2.902941,2.232037,2.044345,1.217606
2024-05-21,5.352039,2.91006,2.228855,2.046348,1.218204
2024-05-22,5.336628,2.901681,2.210756,2.031716,1.217307
2024-05-23,5.297649,2.880487,2.189992,2.010216,1.216708
2024-05-24,5.332701,2.899545,2.204361,2.021607,1.217157
2024-05-28,5.336427,2.901571,2.21372,2.031708,1.216791
2024-05-29,5.299059,2.881253,2.188654,2.015892,1.20827
2024-05-30,5.263905,2.862139,2.184442,2.005509,1.2084
2024-05-31,5.311852,2.888209,2.185993,2.006435,1.218198
2024-06-03,5.316182,2.890563,2.188692,2.016535,1.219191
2024-06-04,5.322124,2.893795,2.178694,2.009781,1.220554
2024-06-05,5.385378,2.928187,2.201739,2.041498,1.220533
2024-06-06,5.385278,2.928133,2.208157,2.036372,1.220683
2024-06-07,5.378731,2.924573,2.181833,2.026978,1.217536
2024-06-10,5.39535,2.933609,2.193508,2.034112,1.217686
2024-06-11,5.408344,2.940675,2.190523,2.038081,1.219401
2024-06-12,5.452762,2.964826,2.210657,2.062987,1.21983
2024-06-13,5.463741,2.970796,2.204807,2.062091,1.221777
2024-06-14,5.467065,2.972603,2.201737,2.055144,1.221927
2024-06-17,5.510578,2.996262,2.210912,2.074745,1.220728
2024-06-18,5.524578,3.003875,2.22028,2.077924,1.222376
2024-06-20,5.509571,2.995715,2.219202,2.06777,1.221927
2024-06-21,5.502183,2.991698,2.20994,2.066551,1.222376
2024-06-24,5.484298,2.981973,2.214788,2.059461,1.222526
2024-06-25,5.505417,2.993456,2.210753,2.067703,1.226011
2024-06-26,5.51229,2.997193,2.205386,2.068166,1.227541
2024-06-27,5.520979,3.001918,2.216967,2.078028,1.229476
2024-06-28,5.499254,2.990105,2.217465,2.074552,1.228398
2024-07-01,5.510571,2.996259,2.220172,2.074237,1.227341
2024-07-02,5.547655,3.016422,2.229068,2.085426,1.228398
2024-07-03,5.572413,3.029884,2.244264,2.10216,1.230209
2024-07-05,5.604547,3.047356,2.256128,2.122957,1.232473
2024-07-08,5.611014,3.050872,2.251379,2.116681,1.232322
2024-07-09,5.616469,3.053839,2.249193,2.119173,1.23202
2024-07-10,5.672046,3.084057,2.266338,2.136114,1.232473
2024-07-11,5.623138,3.057465,2.284467,2.126986,1.235341
2024-07-12,5.658607,3.07675,2.296375,2.135179,1.237152
2024-07-15,5.674168,3.085211,2.298594,2.141346,1.237152
2024-07-16,5.707818,3.103507,2.321731,2.160075,1.237605
2024-07-17,5.627786,3.059992,2.300491,2.1255,1.237756
2024-07-18,5.584538,3.036477,2.279318,2.112181,1.237152
2024-07-19,5.547453,3.016312,2.25945,2.088636,1.236548
2024-07-22,5.604647,3.04741,2.280191,2.106405,1.248061
2024-07-23,5.595856,3.042631,2.275794,2.105298,1.246103
2024-07-24,5.46904,2.973677,2.239999,2.061763,1.217863
2024-07-25,5.440544,2.958183,2.231368,2.039851,1.216794
2024-07-26,5.501477,2.991314,2.253348,2.061603,1.229205
2024-07-29,5.50471,2.993072,2.248564,2.062422,1.229927
2024-07-30,5.476821,2.977908,2.247823,2.056363,1.223696
2024-07-31,5.565844,3.026312,2.283047,2.100205,1.225004
2024-08-01,5.487027,2.983457,2.248742,2.070924,1.227124
2024-08-02,5.384867,2.92791,2.213087,2.040372,1.23399
2024-08-05,5.22804,2.842638,2.155364,1.991654,1.233692
2024-08-06,5.27624,2.868846,2.170393,1.998806,1.243832
2024-08-07,5.240974,2.849671,2.162341,1.986685,1.235518
2024-08-08,5.362131,2.915547,2.206514,2.032641,1.26408
2024-08-09,5.385776,2.928404,2.214089,2.040831,1.269654
2024-08-12,5.388606,2.929943,2.21595,2.054316,1.269154
2024-08-13,5.477225,2.978127,2.245477,2.081519,1.271153
2024-08-14,5.494503,2.987522,2.242285,2.078274,1.271
2024-08-15,5.588681,3.038729,2.272379,2.109824,1.267924
2024-08-16,5.601212,3.045543,2.287042,2.12805,1.269308
2024-08-19,5.654766,3.074662,2.307784,2.142988,1.269
2024-08-20,5.645571,3.069662,2.299956,2.142949,1.270846
2024-08-21,5.664972,3.080211,2.312533,2.147783,1.27223
2024-08-22,5.620512,3.056037,2.292774,2.12224,1.270538
2024-08-23,5.680232,3.088508,2.332725,2.145602,1.27346
2024-08-26,5.66669,3.081145,2.325422,2.139235,1.272845
2024-08-27,5.674473,3.085377,2.327673,2.144274,1.273614
2024-08-28,5.64153,3.067465,2.31286,2.126991,1.27346
2024-08-29,5.642035,3.06774,2.316854,2.129688,1.273306
2024-08-30,5.695893,3.097024,2.327925,2.139868,1.273306
2024-09-03,5.578677,3.03329,2.287357,2.100449,1.245829
2024-09-04,5.56726,3.027082,2.288605,2.097622,1.247299
2024-09-05,5.553719,3.019719,2.290298,2.1024,1.24775
2024-09-06,5.46025,2.968897,2.259315,2.066646,1.225503
2024-09-09,5.521383,3.002137,2.277654,2.086114,1.239224
2024-09-10,5.545433,3.015214,2.286168,2.098632,1.244622
2024-09-11,5.602323,3.046147,2.298724,2.119887,1.25739
2024-09-12,5.649513,3.071805,2.317312,2.145189,1.256284
2024-09-13,5.679019,3.087848,2.335991,2.159237,1.258099
2024-09-16,5.687407,3.092409,2.343129,2.15706,1.258856
2024-09-17,5.68973,3.093672,2.339449,2.153757,1.257948
2024-09-18,5.672855,3.084497,2.329182,2.142984,1.257494
2024-09-19,5.769659,3.137132,2.363062,2.184336,1.258553
2024-09-20,5.759684,3.131709,2.356751,2.190946,1.259007
2024-09-23,5.774078,3.139535,2.363462,2.196124,1.259007
2024-09-24,5.790599,3.148518,2.382532,2.211976,1.260218
2024-09-25,5.777827,3.141574,2.368891,2.210015,1.259159
2024-09-26,5.800735,3.154029,2.390756,2.222217,1.257948
2024-09-27,5.792322,3.149455,2.387866,2.211148,1.259915
2024-09-30,5.815534,3.162076,2.383331,2.210205,1.258099
2024-10-01,5.763436,3.133748,2.375751,2.201069,1.258904
2024-10-02,5.765869,3.135071,2.377644,2.202565,1.2586
2024-10-03,5.755327,3.129339,2.362871,2.200166,1.25693
2024-10-04,5.807627,3.157777,2.372008,2.214093,1.267096
2024-10-07,5.755124,3.129229,2.358777,2.197015,1.255641
2024-10-08,5.809553,3.158824,2.357339,2.20948,1.255451
2024-10-09,5.849793,3.180703,2.357858,2.216365,1.254234
2024-10-10,5.839556,3.175138,2.353982,2.219658,1.255299
2024-10-11,5.874524,3.19415,2.371157,2.23332,1.256365
2024-10-14,5.922568,3.220273,2.379422,2.244442,1.255756
2024-10-15,5.876552,3.195253,2.370361,2.231224,1.256365
2024-10-16,5.902094,3.209141,2.385606,2.238267,1.257126
2024-10-17,5.9026,3.209416,2.379309,2.243316,1.25606
2024-10-18,5.925304,3.221761,2.39233,2.259033,1.257126
2024-10-21,5.915574,3.216471,2.370943,2.259094,1.255299
2024-10-22,5.912433,3.214763,2.371574,2.267638,1.255147
2024-10-23,5.858407,3.185387,2.354667,2.240039,1.254386
2024-10-24,5.871078,3.192277,2.364333,2.253453,1.255845
2024-10-25,5.869051,3.191175,2.359825,2.259316,1.255411
2024-10-28,5.887195,3.20104,2.369402,2.261796,1.259292
2024-10-29,5.896721,3.20622,2.371337,2.278474,1.258491
2024-10-30,5.878883,3.196521,2.366798,2.274618,1.257422
2024-10-31,5.763638,3.133859,2.33577,2.228867,1.257728
2024-11-01,5.787965,3.147086,2.333111,2.234452,1.257314
2024-11-04,5.775497,3.140306,2.343108,2.23174,1.253348
2024-11-05,5.845334,3.178279,2.368907,2.251902,1.268504
2024-11-06,5.990681,3.257309,2.37012,2.268147,1.300046
2024-11-07,6.037002,3.282494,2.399099,2.298051,1.300966
2024-11-08,6.063151,3.296712,2.397662,2.297079,1.300015
2024-11-11,6.068929,3.299854,2.390079,2.27939,1.299065
2024-11-12,6.050077,3.289604,2.360967,2.269096,1.297798
2024-11-13,6.053017,3.291202,2.350018,2.260865,1.299699
2024-11-14,6.014095,3.270039,2.339399,2.248816,1.297798
2024-11-15,5.937062,3.228154,2.322127,2.220026,1.299223
2024-11-18,5.961389,3.241381,2.338937,2.242275,1.303248
2024-11-19,5.98318,3.25323,2.349143,2.256845,1.308011
2024-11-20,5.985208,3.254332,2.348664,2.260904,1.308455
2024-11-21,6.017338,3.271802,2.359614,2.273945,1.306827
2024-11-22,6.035989,3.281944,2.373851,2.287283,1.306668
2024-11-25,6.056462,3.293075,2.384646,2.268614,1.309217
2024-11-26,6.088087,3.310271,2.383267,2.278089,1.309217
2024-11-27,6.069638,3.30024,2.387098,2.271497,1.310014
2024-11-29,6.107345,3.320742,2.4015,2.289384,1.311607
2024-12-02,6.118291,3.326694,2.400894,2.29238,1.311527
2024-12-03,6.121129,3.328237,2.398639,2.288877,1.311687
2024-12-04,6.159137,3.348903,2.409587,2.30578,1.313125
2024-12-05,6.149003,3.343392,2.405878,2.29342,1.313125
2024-12-06,6.160659,3.34973,2.409815,2.30444,1.314405
2024-12-09,6.128933,3.33248,2.411461,2.290644,1.313925
2024-12-10,6.109877,3.322119,2.398809,2.28236,1.313765
2024-12-11,6.157112,3.347802,2.410293,2.305301,1.313445
2024-12-12,6.125386,3.330551,2.390181,2.286396,1.305364
2024-12-13,6.12417,3.329891,2.38228,2.28685,1.303423
2024-12-16,6.15032,3.344109,2.387549,2.305563,1.303582
2024-12-17,6.12498,3.330331,2.378546,2.290214,1.296907
2024-12-18,5.942435,3.231075,2.309892,2.206123,1.293233
2024-12-19,5.94061,3.230083,2.298855,2.199359,1.294658
2024-12-20,6.011962,3.26888,2.317343,2.221435,1.308913
2024-12-23,6.047963,3.288454,2.321881,2.231382,1.316751
2024-12-24,6.115187,3.325006,2.337296,2.256386,1.316079
2024-12-26,6.115595,3.325228,2.343061,2.263636,1.316401
2024-12-27,6.051218,3.290224,2.322729,2.234663,1.316723
2024-12-30,5.982164,3.252678,2.309048,2.210528,1.318654
2024-12-31,5.960401,3.240844,2.30772,2.202523,1.312538
2025-01-02,5.945755,3.232881,2.307431,2.199881,1.309313
2025-01-03,6.020098,3.273303,2.323768,2.21455,1.325684
2025-01-06,6.054778,3.29216,2.329142,2.226377,1.333321
2025-01-07,5.986333,3.254944,2.316252,2.208926,1.331174
2025-01-08,5.995079,3.2597,2.315343,2.214044,1.331986
2025-01-10,5.90355,3.209933,2.294177,2.198258,1.329549
2025-01-13,5.912704,3.21491,2.294236,2.189747,1.329874
2025-01-14,5.920839,3.219333,2.305879,2.19389,1.330374
2025-01-15,6.028539,3.277893,2.339334,2.229494,1.354574
2025-01-16,6.016945,3.271589,2.345246,2.227994,1.354044
2025-01-17,6.077355,3.304436,2.354858,2.244044,1.353714
2025-01-21,6.132983,3.334682,2.382654,2.266861,1.354209
2025-01-22,6.16746,3.353429,2.381796,2.28465,1.353879
2025-01-23,6.201124,3.371732,2.38925,2.289349,1.353879
2025-01-24,6.18302,3.361889,2.392501,2.287554,1.354704
2025-01-27,6.095559,3.314334,2.36758,2.246634,1.356683
2025-01-28,6.147935,3.342812,2.375883,2.270619,1.357013
2025-01-29,6.120374,3.327826,2.368822,2.262898,1.349572
2025-01-30,6.153223,3.345687,2.391478,2.281586,1.356815
2025-01-31,6.120476,3.327882,2.379967,2.277936,1.349595
2025-02-03,6.079287,3.305486,2.369718,2.270802,1.340512
2025-02-04,6.120069,3.32766,2.392144,2.292626,1.349505
2025-02-05,6.144883,3.341152,2.404283,2.303938,1.354976
2025-02-06,6.16624,3.352765,2.408691,2.308581,1.359686
2025-02-07,6.109796,3.322075,2.395213,2.293203,1.356835
2025-02-10,6.15129,3.344636,2.417137,2.320595,1.357497
2025-02-11,6.155969,3.34718,2.417657,2.316518,1.357166
2025-02-12,6.136137,3.336397,2.411044,2.315292,1.355345
2025-02-13,6.20092,3.371622,2.435006,2.342154,1.357166
2025-02-14,6.200614,3.371455,2.433055,2.333783,1.358986
2025-02-18,6.218819,3.381354,2.451284,2.350713,1.357828
2025-02-19,6.233464,3.389317,2.450228,2.353211,1.358821
2025-02-20,6.20753,3.375216,2.450979,2.347023,1.358986
2025-02-21,6.101356,3.317486,2.420205,2.316683,1.361304
2025-02-24,6.073593,3.30239,2.410005,2.308247,1.362297
2025-02-25,6.043387,3.285966,2.4029,2.284579,1.35416
2025-02-26,6.046439,3.287625,2.404188,2.287965,1.354844
2025-02-27,5.949925,3.235148,2.374241,2.242989,1.333217
2025-02-28,6.042777,3.285635,2.381655,2.261779,1.354023
2025-03-03,5.936908,3.228071,2.365874,2.242009,1.330301
2025-03-04,5.866634,3.189861,2.357734,2.237408,1.314554
2025-03-05,5.929688,3.224145,2.381308,2.256698,1.328683
2025-03-06,5.824429,3.166912,2.350551,2.218829,1.305097
2025-03-07,5.857074,3.184662,2.361949,2.2288,1.312412
2025-03-10,5.701068,3.099837,2.321978,2.173713,1.277455
2025-03-11,5.653675,3.074068,2.320044,2.174455,1.266836
2025-03-12,5.683676,3.090381,2.326818,2.189628,1.273558
2025-03-13,5.607911,3.049185,2.312904,2.179728,1.256581
2025-03-14,5.723746,3.112168,2.345353,2.212588,1.282537
2025-03-17,5.767883,3.136167,2.368651,2.22705,1.292427
2025-03-18,5.705542,3.10227,2.359029,2.215036,1.278458
2025-03-19,5.76768,3.136056,2.375294,2.23599,1.279042
2025-03-20,5.751002,3.126988,2.36744,2.230354,1.279351
2025-03-21,5.752899,3.128019,2.355726,2.227065,1.280127
2025-03-24,5.855924,3.184037,2.37494,2.253345,1.278422
2025-03-25,5.870001,3.191691,2.374827,2.262742,1.278886
2025-03-26,5.799923,3.153588,2.357847,2.239236,1.278577
2025-03-27,5.784521,3.145213,2.359064,2.243007,1.279196
2025-03-28,5.66803,3.081874,2.33874,2.213807,1.281522
2025-03-31,5.706079,3.102562,2.348846,2.229328,1.288843
2025-04-01,5.722195,3.111325,2.354909,2.235947,1.292483
2025-04-02,5.758407,3.105949,2.363773,2.241531,1.300662
2025-04-03,5.474629,3.117631,2.298559,2.195692,1.304254
2025-04-04,5.154127,3.115748,2.20245,2.106099,1.303466
2025-04-07,5.144947,3.116124,2.159958,2.046466,1.303623
2025-04-08,5.064363,3.11424,2.129249,2.022273,1.281901
2025-04-09,5.596219,3.112355,2.265062,2.134147,1.416525
2025-04-10,5.350999,3.111979,2.219271,2.123021,1.354455
2025-04-11,5.446475,3.106327,2.259213,2.167381,1.35064
2025-04-14,5.499314,3.113109,2.275857,2.184779,1.353589
2025-04-15,5.48391,3.113109,2.280357,2.190117,1.353589
2025-04-16,5.362014,3.117255,2.275225,2.204862,1.355392
2025-04-17,5.369664,3.118385,2.284303,2.218284,1.355884
2025-04-21,5.241852,3.116501,2.264309,2.22557,1.322254
2025-04-22,5.378234,3.117631,2.293608,2.240587,1.356656
2025-04-23,5.461571,3.115371,2.303289,2.232659,1.377678
2025-04-24,5.576532,3.119139,2.335501,2.254882,1.406677
2025-04-25,5.616823,3.121776,2.340477,2.244059,1.40646
2025-04-28,5.618966,3.126299,2.349163,2.260732,1.408497
2025-04-29,5.654361,3.128183,2.351795,2.259515,1.409346
2025-04-30,5.656606,3.132329,2.343256,2.258431,1.411214
2025-05-01,5.696694,3.125865,2.342973,2.245093,1.408302
2025-05-02,5.781256,3.119815,2.369678,2.281385,1.405576
2025-05-05,5.748105,3.119438,2.376341,2.311169,1.405406
2025-05-06,5.70006,3.122084,2.37659,2.328717,1.406598
2025-05-07,5.724032,3.123218,2.371026,2.305528,1.407109
2025-05-08,5.763915,3.116792,2.363691,2.287191,1.415507
2025-05-09,5.756571,3.118304,2.372173,2.301591,1.413703
2025-05-12,5.946811,3.112634,2.395197,2.300461,1.409719
2025-05-13,5.986083,3.111878,2.399419,2.30604,1.409376
2025-05-14,5.993734,3.109609,2.390001,2.291991,1.408349
2025-05-15,6.023009,3.115657,2.410313,2.312198,1.411088
2025-05-16,6.061159,3.114901,2.415604,2.304154,1.410746
2025-05-19,6.067789,3.116036,2.423863,2.323014,1.41126
2025-05-20,6.047388,3.116414,2.424744,2.340292,1.411431
2025-05-21,5.945486,3.114523,2.398576,2.339443,1.410575
2025-05-22,5.947831,3.116414,2.395236,2.329557,1.411431
2025-05-23,5.907233,3.118304,2.400028,2.350832,1.400385
2025-05-27,6.030048,3.119438,2.424349,2.347078,1.4295
2025-05-28,5.995161,3.11717,2.412608,2.332721,1.42123
2025-05-29,6.018826,3.120573,2.425792,2.343642,1.42136
2025-05-30,6.012095,3.124352,2.419398,2.330156,1.423081
2025-06-02,6.045961,3.121773,2.436712,2.364741,1.421907
2025-06-03,6.080438,3.136453,2.441103,2.357163,1.421562
2025-06-04,6.078805,3.135611,2.450112,2.367943,1.424153
2025-06-05,6.049428,3.120458,2.445466,2.357487,1.422598
2025-06-06,6.111549,3.152501,2.457478,2.357438,1.420179
2025-06-09,6.117058,3.155343,2.465809,2.362215,1.420039
2025-06-10,6.15174,3.173233,2.477633,2.368707,1.42809
2025-06-11,6.134195,3.164183,2.47488,2.369001,1.428919
2025-06-12,6.158574,3.176758,2.485135,2.386738,1.430133
2025-06-13,6.089721,3.141241,2.461232,2.376962,1.429092
2025-06-16,6.147659,3.171128,2.474503,2.379657,1.428919
2025-06-17,6.095127,3.14403,2.454258,2.362599,1.429613
2025-06-18,6.094209,3.143557,2.45585,2.359582,1.430306
2025-06-20,6.079896,3.136174,2.447302,2.348998,1.431347
2025-06-23,6.13995,3.167151,2.470453,2.365343,1.444053
2025-06-24,6.207779,3.202139,2.493073,2.374615,1.460006
2025-06-25,6.211258,3.203934,2.480898,2.374727,1.458723
2025-06-26,6.259854,3.229001,2.498346,2.390112,1.460486
2025-06-27,6.290955,3.245043,2.497699,2.385599,1.459957
2025-06-30,6.321034,3.260559,2.510117,2.400724,1.461015
2025-07-01,6.318988,3.259504,2.516551,2.399777,1.459494
2025-07-02,6.347633,3.27428,2.531103,2.409205,1.459317
2025-07-03,6.397662,3.300086,2.540519,2.407545,1.457725
2025-07-07,6.349986,3.275493,2.51773,2.388093,1.457371
2025-07-08,6.346508,3.273699,2.520828,2.390591,1.457548
2025-07-09,6.384566,3.293331,2.533445,2.398822,1.458786
2025-07-10,6.402572,3.302619,2.539617,2.40222,1.461442
2025-07-11,6.380064,3.291009,2.531373,2.399595,1.459626
2025-07-14,6.392238,3.297288,2.537344,2.397831,1.459803
2025-07-15,6.364923,3.283198,2.521023,2.391941,1.458387
2025-07-16,6.386202,3.294175,2.534586,2.402947,1.460334
2025-07-17,6.425284,3.314334,2.546308,2.407876,1.459803
2025-07-18,6.420578,3.311907,2.542986,2.405904,1.461042
2025-07-21,6.432753,3.318187,2.555467,2.427725,1.461927
2025-07-22,6.433673,3.318662,2.568627,2.440356,1.462989
2025-07-23,6.488408,3.346895,2.588027,2.458714,1.46175
2025-07-24,6.490556,3.348003,2.575538,2.44318,1.460511
2025-07-25,6.517974,3.362146,2.574424,2.432201,1.461396
2025-07-28,6.516338,3.361302,2.558412,2.408505,1.461219
2025-07-29,6.499149,3.352436,2.560839,2.409422,1.462458
2025-07-30,6.490965,3.348214,2.542203,2.383904,1.460865
2025-07-31,6.466617,3.335655,2.526689,2.376096,1.453924
2025-08-01,6.360625,3.280981,2.50912,2.384221,1.430093
2025-08-04,6.457306,3.330852,2.537702,2.410962,1.451831
2025-08-05,6.424567,3.313964,2.535397,2.408462,1.44447
2025-08-06,6.473777,3.339348,2.541111,2.420642,1.455534
2025-08-07,6.468355,3.336551,2.551015,2.436923,1.453374
2025-08-08,6.518792,3.362568,2.556168,2.443662,1.453022
2025-08-11,6.505902,3.355919,2.545999,2.427236,1.453022
2025-08-12,6.575164,3.391646,2.5708,2.446518,1.454078
2025-08-13,6.597671,3.403256,2.587648,2.459218,1.456012
2025-08-14,6.598285,3.403573,2.576306,2.443323,1.454429
2025-08-15,6.582837,3.395604,2.575853,2.441198,1.453902
2025-08-18,6.581404,3.394865,2.575416,2.444329,1.453902
2025-08-19,6.545699,3.376448,2.565504,2.422164,1.44456
2025-08-20,6.528307,3.367476,2.57004,2.424408,1.440722
2025-08-21,6.502116,3.353966,2.565175,2.416076,1.434942
2025-08-22,6.601969,3.405473,2.609781,2.453185,1.456978
2025-08-25,6.572912,3.390485,2.596762,2.444167,1.450566
2025-08-26,6.600433,3.404681,2.599936,2.451251,1.450342
2025-08-27,6.615473,3.412439,2.603737,2.449274,1.451392
2025-08-28,6.6389,3.424523,2.613392,2.46355,1.450867
2025-08-29,6.599308,3.4041,2.608103,2.458035,1.452092
2025-09-02,6.550405,3.378875,2.60531,2.469883,1.451354
2025-09-03,6.585906,3.397187,2.610907,2.485948,1.452408
2025-09-04,6.640946,3.425579,2.620665,2.487136,1.463093
2025-09-05,6.621713,3.415658,2.632643,2.509375,1.458856
2025-09-08,6.63798,3.424048,2.646086,2.530608,1.458277
2025-09-09,6.653326,3.431964,2.645946,2.535722,1.457046
2025-09-10,6.67256,3.441886,2.651491,2.544814,1.457222
2025-09-11,6.728011,3.470489,2.673674,2.56083,1.45775
2025-09-12,6.725759,3.469327,2.67118,2.565794,1.457574
2025-09-15,6.761566,3.487798,2.687807,2.58823,1.458101
2025-09-16,6.752257,3.482996,2.690387,2.595624,1.458804
2025-09-17,6.743868,3.478668,2.683781,2.590975,1.458101
2025-09-18,6.775378,3.494922,2.695106,2.593194,1.457574
2025-09-19,6.808936,3.512232,2.693115,2.606262,1.463336
2025-09-22,6.841149,3.528849,2.707291,2.630701,1.461166
2025-09-23,6.803909,3.509639,2.708702,2.628954,1.461695
2025-09-24,6.782262,3.498473,2.696079,2.614976,1.46099
2025-09-25,6.750972,3.482333,2.688258,2.609762,1.459757
2025-09-26,6.789649,3.502284,2.701808,2.616712,1.46666
2025-09-29,6.808731,3.512126,2.711971,2.643083,1.470782
2025-09-30,6.834378,3.525356,2.720301,2.656499,1.476322
2025-10-01,6.857667,3.537369,2.729767,2.669106,1.476559
2025-10-02,6.865565,3.541443,2.732412,2.6698,1.476916
2025-10-03,6.865463,3.541391,2.742443,2.673189,1.476381
2025-10-06,6.890085,3.554091,2.762469,2.69987,1.476024
2025-10-07,6.86454,3.540914,2.751816,2.696437,1.476737
2025-10-08,6.905473,3.562029,2.774082,2.726923,1.476559
2025-10-09,6.885468,3.551709,2.751596,2.706417,1.476381
2025-10-10,6.699369,3.455714,2.689416,2.659826,1.478878
2025-10-13,6.802164,3.508739,2.742624,2.713791,1.481731
2025-10-14,6.793855,3.504453,2.741796,2.71312,1.478439
2025-10-15,6.824017,3.520011,2.766666,2.739192,1.485003
2025-10-16,6.777543,3.496039,2.767354,2.750947,1.485486
2025-10-17,6.816015,3.515884,2.762375,2.744919,1.485307
2025-10-20,6.886904,3.55245,2.80609,2.799271,1.485486
2025-10-21,6.886801,3.552397,2.766801,2.739045,1.485844
2025-10-22,6.850998,3.533929,2.760447,2.725599,1.485844
2025-10-23,6.891624,3.554885,2.784668,2.74226,1.484771
2025-10-24,6.947946,3.583937,2.799112,2.756427,1.495421
2025-10-27,7.029916,3.62622,2.807542,2.758051,1.513063
2025-10-28,7.048587,3.635851,2.802664,2.760974,1.511732
2025-10-29,7.051973,3.637597,2.801901,2.762075,1.508821
2025-10-30,6.974414,3.59759,2.790278,2.755957,1.509003
2025-10-31,6.997292,3.609391,2.794579,2.758413,1.509549
2025-11-03,7.010424,3.616165,2.802335,2.766187,1.510873
2025-11-04,6.927326,3.573301,2.766869,2.713496,1.492963
2025-11-05,6.951331,3.585684,2.779802,2.737955,1.490388
2025-11-06,6.876748,3.547212,2.763257,2.713071,1.49219
2025-11-07,6.883518,3.550704,2.766733,2.713106,1.492911
2025-11-10,6.990932,3.606111,2.806116,2.773757,1.492551
2025-11-11,7.006935,3.614365,2.814503,2.775934,1.494475
2025-11-12,7.010834,3.616376,2.818077,2.790279,1.492439
2025-11-13,6.894496,3.556366,2.779684,2.752895,1.491539
2025-11-14,6.893368,3.555784,2.772615,2.737528,1.492079
2025-11-17,6.829146,3.522657,2.74736,2.708482,1.476686
2025-11-18,6.771798,3.493076,2.740402,2.69956,1.464285
2025-11-19,6.797959,3.50657,2.737933,2.703235,1.469942
2025-11-20,6.694342,3.453122,2.706803,2.669258,1.447537
2025-11-21,6.761026,3.487519,2.725728,2.674398,1.461956
2025-11-24,6.860538,3.53885,2.758565,2.720722,1.483474
2025-11-25,6.925068,3.572136,2.775744,2.729236,1.497427
2025-11-26,6.972876,3.596797,2.798609,2.75114,1.49575
2025-11-28,7.010936,3.616429,2.814399,2.771321,1.49575
2025-12-01,6.978929,3.599919,2.803421,2.771991,1.494468
2025-12-02,6.991855,3.606587,2.803869,2.768579,1.49537
2025-12-03,7.016066,3.619076,2.816789,2.773353,1.496273
2025-12-04,7.021195,3.621721,2.819944,2.776296,1.49519
2025-12-05,7.034532,3.628601,2.82311,2.78163,1.494648
2025-12-08,7.013399,3.6177,2.813156,2.774247,1.494287
2025-12-09,7.007345,3.614577,2.814361,2.776215,1.493564
2025-12-10,7.05382,3.63855,2.835766,2.800793,1.496093
2025-12-11,7.070234,3.647016,2.843057,2.811963,1.498078
2025-12-12,6.994214,3.607804,2.816625,2.801349,1.49676
2025-12-15,6.983647,3.602353,2.811649,2.805153,1.497664
2025-12-16,6.964566,3.59251,2.804338,2.795122,1.498386
2025-12-17,6.88793,3.55298,2.791777,2.788883,1.4804
2025-12-18,6.939943,3.579809,2.806604,2.804426,1.491579
2025-12-19,7.002843,3.612255,2.824649,2.820928,1.505098
2025-12-22,7.04647,3.634759,2.847182,2.850072,1.514474
2025-12-23,7.078676,3.651371,2.861802,2.873796,1.512227
2025-12-24,7.103576,3.664215,2.866701,2.87297,1.513142
2025-12-26,7.102855,3.663844,2.872022,2.892429,1.514239
2025-12-29,7.077543,3.650787,2.847213,2.845103,1.514971
2025-12-30,7.068901,3.646329,2.847126,2.851186,1.515337
2025-12-31,7.016528,3.619314,2.82671,2.838054,1.502594
2026-01-02,7.029389,3.625948,2.845735,2.879163,1.505349
2026-01-05,7.076206,3.650097,2.878687,2.925974,1.515374
2026-01-06,7.118289,3.671805,2.895494,2.945215,1.524387
2026-01-07,7.095345,3.659969,2.883096,2.924765,1.522678
2026-01-08,7.094624,3.659598,2.89202,2.930591,1.522127
2026-01-09,7.141543,3.6838,2.909554,2.950981,1.521576
2026-01-12,7.152759,3.689585,2.928021,2.989143,1.522444
2026-01-13,7.138457,3.682208,2.926857,2.974619,1.521289
2026-01-14,7.10337,3.664109,2.935252,2.993507,1.521657
2026-01-15,7.122714,3.674087,2.939517,2.992866,1.520555
2026-01-16,7.116746,3.671009,2.938904,2.986994,1.51776
2026-01-20,6.971872,3.596279,2.919823,2.999925,1.486863
2026-01-21,7.052335,3.637784,2.955324,3.041374,1.486095
2026-01-22,7.089171,3.656785,2.969767,3.07174,1.492371
2026-01-23,7.091743,3.658111,2.980954,3.097933,1.492912
2026-01-26,7.127755,3.676688,2.992768,3.119952,1.49196
2026-01-27,7.156154,3.691337,3.020484,3.182798,1.49232
2026-01-28,7.155434,3.690965,3.031636,3.219919,1.49232
2026-01-29,7.141235,3.683641,3.040148,3.224576,1.49286
2026-01-30,7.119936,3.672654,2.971792,3.08027,1.49412
2026-02-02,7.155331,3.690912,2.952472,3.049003,1.500054
2026-02-03,7.09483,3.659704,2.976768,3.119616,1.487371
2026-02-04,7.060463,3.641977,2.967415,3.108308,1.480166
2026-02-05,6.972284,3.596491,2.934872,3.061197,1.46168
2026-02-06,7.106045,3.665489,2.994537,3.142593,1.489722
2026-02-09,7.140309,3.683163,3.021046,3.190964,1.496905
2026-02-10,7.121479,3.67345,3.02252,3.184558,1.492957
2026-02-11,7.119833,3.672601,3.032747,3.22051,1.490024
2026-02-12,7.00984,3.615864,2.991935,3.16294,1.491463
2026-02-13,7.014778,3.618411,3.014956,3.194585,1.491022
2026-02-17,7.026097,3.624249,3.003056,3.156833,1.493428
2026-02-18,7.061492,3.642508,3.02167,3.187243,1.500951
2026-02-19,7.042868,3.632901,3.022133,3.184653,1.49945
2026-02-20,7.093801,3.659173,3.048142,3.236861,1.499631
2026-02-23,7.021364,3.621808,3.042657,3.249645,1.500896
2026-02-24,7.072399,3.648133,3.054728,3.253646,1.500896
2026-02-25,7.132078,3.678917,3.069777,3.27324,1.500535
2026-02-26,7.092463,3.658483,3.068827,3.271327,1.501076
2026-02-27,7.058405,3.640915,3.070751,3.281423,1.503064
2026-03-02,7.062419,3.642985,3.073393,3.255088,1.500401
2026-03-03,7.000168,3.610875,3.016685,3.118626,1.485675
2026-03-04,7.049556,3.636351,3.04032,3.151362,1.496157
2026-03-05,7.010251,3.616076,3.011538,3.090474,1.487815
2026-03-06,6.918367,3.56868,3.0026,3.092101,1.468314
2026-03-09,6.978972,3.599941,3.021071,3.117733,1.481177
2026-03-10,6.967756,3.594156,3.027695,3.135959,1.478796
2026-03-11,6.95901,3.589645,3.024189,3.132875,1.47694
2026-03-12,6.853338,3.535136,2.98923,3.06263,1.472961
2026-03-13,6.814547,3.515127,2.972329,3.034584,1.463151
2026-03-16,6.883898,3.5509,2.998296,3.080728,1.478041
2026-03-17,6.902007,3.560241,3.012777,3.087476,1.48193
2026-03-18,6.805698,3.510562,2.974068,3.016494,1.461251
2026-03-19,6.788927,3.501911,2.956345,2.974332,1.459436
2026-03-20,6.691602,3.451708,2.891813,2.879871,1.456251
2026-03-23,6.761864,3.487951,2.907304,2.910072,1.470085
2026-03-24,6.739166,3.476243,2.901597,2.891148,1.465151
2026-03-25,6.776722,3.495615,2.931047,2.949552,1.473316
2026-03-26,6.655698,3.433188,2.88169,2.858858,1.468624
2026-03-27,6.542206,3.374645,2.874183,2.879004,1.47166
2026-03-30,6.520332,3.363362,2.871531,2.873665,1.473625
2026-03-31,6.709865,3.461128,2.93843,2.976814,1.514987
2026-04-01,6.76042,3.487206,2.958007,3.016986,1.526401
2026-04-02,6.766507,3.485414,2.962872,3.008208,1.525617
2026-04-06,6.798491,3.482028,2.972759,3.018441,1.524135
2026-04-07,6.801483,3.484567,2.97678,3.027998,1.525246
2026-04-08,6.974714,3.487952,3.035891,3.061644,1.526728
2026-04-09,7.014952,3.488799,3.046322,3.07224,1.527099
2026-04-10,7.010309,3.487529,3.0449,3.067683,1.526543
2026-04-13,7.078817,3.490069,3.067903,3.088658,1.527654
2026-04-14,7.165071,3.492608,3.103487,3.127126,1.528766
2026-04-15,7.221611,3.491762,3.10634,3.11742,1.528395
2026-04-16,7.239357,3.490492,3.113282,3.128614,1.52784
2026-04-17,7.326849,3.497263,3.143997,3.132972,1.530803
2026-04-20,7.312198,3.49557,3.143149,3.130458,1.530062
2026-04-21,7.264325,3.490492,3.111725,3.105201,1.52784
2026-04-22,7.337889,3.492184,3.136869,3.148331,1.528581
2026-04-23,7.309413,3.490492,3.128106,3.134615,1.52112
2026-04-24,7.366055,3.4943,3.149825,3.162217,1.532908
2026-04-27,7.378746,3.493454,3.145678,3.160508,1.531003
2026-04-28,7.342841,3.491338,3.13136,3.138945,1.530076
2026-04-29,7.341706,3.486683,3.12525,3.148322,1.528036
2026-04-30,7.414754,3.490492,3.165298,3.186473,1.529705
2026-05-01,7.435286,3.491044,3.167912,3.177689,1.532411
2026-05-04,7.408048,3.474764,3.154048,3.188702,1.529016
